IMAGE_Num,Scramble,time,width,height,fix_time,Path,,,Guess #9,Guess #7,Guess #2,Guess #6,Guess #4,Guess #8,Guess#1
70,1,0.65,700,700,10,stim/1_stim_obj70.tif,,,clock,clock,clock,clock,clock,clock,clock
26,256,0.65,700,700,10,stim/256_stim_obj26.tif,,,no idea,no idea,no idea,no idea,no idea,no idea,no idea
63,16,0.65,700,700,10,stim/16_stim_obj63.tif,,,shoe,shoe,no idea,no idea,wheel,shoe,no idea
64,256,0.65,700,700,10,stim/256_stim_obj64.tif,,,noide,no idea,no idea,no idea,no idea,no idea,no idea
74,16,0.65,700,700,10,stim/16_stim_obj74.tif,,,boot,no idea,no idea,no idea,bottle,no idea,no idea
32,64,0.65,700,700,10,stim/64_stim_obj32.tif,,,clock,no idea,no idea,wood,no idea,no idea,no idea
16,64,0.65,700,700,10,stim/64_stim_obj16.tif,,,kids toy,no idea,no idea,no idea,no idea,kids toy,no idea
78,64,0.65,700,700,10,stim/64_stim_obj78.tif,,,no idea,no idea,no idea,no idea,no idea,no idea,no idea
55,16,0.65,700,700,10,stim/16_stim_obj55.tif,,,feather,feather,feather,feather,feather,feather,feather
26,4,0.65,700,700,10,stim/4_stim_obj26.tif,,,bowtie,bow tie,bow tie,bow tie,bow tie,bow tie,bow tie
2,16,0.65,700,700,10,stim/16_stim_obj2.tif,,,flower,flower,flower,flower,flower,flower,flower
41,1,0.65,700,700,10,stim/1_stim_obj41.tif,,,candle,candle,candle,candle,candle,candle,candle
15,1,0.65,700,700,10,stim/1_stim_obj15.tif,,,speaker,speaker,speaker,speaker,speaker,spekaer,speaker
72,1,0.65,700,700,10,stim/1_stim_obj72.tif,,,soother,soother,soother,soother,soother,soother,soother
13,4,0.65,700,700,10,stim/4_stim_obj13.tif,,,bench,bench,bench,bench,bench,bench,bench
11,1,0.65,700,700,10,stim/1_stim_obj11.tif,,,googles,googles,googles,googles,googles,googles,googles
35,1,0.65,700,700,10,stim/1_stim_obj35.tif,,,watch,watch,watch,watch,watch,watch,watch
41,64,0.65,700,700,10,stim/64_stim_obj41.tif,,,no idea,soother,no idea,no idea,no idea,no idea,no idea
13,64,0.65,700,700,10,stim/64_stim_obj13.tif,,,bench,bench,no idea,no idea,bench,bench,bench
30,1,0.65,700,700,10,stim/1_stim_obj30.tif,,,vhs,vhs,vhs,vhs,vhs,vhs,vhs
79,1,0.65,700,700,10,stim/1_stim_obj79.tif,,,cone,cone,cone,cone,cone,cone,cone
15,4,0.65,700,700,10,stim/4_stim_obj15.tif,,,speaker,speaker,speaker,speaker,speaker,speaker,speaker
49,16,0.65,700,700,10,stim/16_stim_obj49.tif,,,chair,googles,no idea,no idea,no idea,no idea,no idea
5,256,0.65,700,700,10,stim/256_stim_obj5.tif,,,no idea,no idea,floppy disk ,no idea,no idea,no idea,noi
57,64,0.65,700,700,10,stim/64_stim_obj57.tif,,,floppy disk,floppy disk,no idea,no idea,vhs,no idea,no idea
9,16,0.65,700,700,10,stim/16_stim_obj9.tif,,,scale,scale,scale,scale,scale,scale,scale
43,256,0.65,700,700,10,stim/256_stim_obj43.tif,,,no idea,no idea,no idea,no ieda,no idea,no idea,no idea
20,256,0.65,700,700,10,stim/256_stim_obj20.tif,,,no idea,no idea,no idea,no idea,no idea,no idea,no idea
57,4,0.65,700,700,10,stim/4_stim_obj57.tif,,,floppy disk,floppy disk,floppy disk,floppy disk,floppy disk,no iea,floopy disk
59,1,0.65,700,700,10,stim/1_stim_obj59.tif,,,presents,presents,presents,presents,presents,presents,present
68,256,0.65,700,700,10,stim/256_stim_obj68.tif,,,no idea,no idea,no idea,no idea,no idea,no idea,no idea
6,16,0.65,700,700,10,stim/16_stim_obj6.tif,,,no idea,battery,no idea,no idea,no idea,no idea,battery
61,16,0.65,700,700,10,stim/16_stim_obj61.tif,,,hat,hat,no idea,hat,hat,hat,hat
43,1,0.65,700,700,10,stim/1_stim_obj43.tif,,,mirror,mirror,mirror,mirror,mirror,mirror,mirror
62,16,0.65,700,700,10,stim/16_stim_obj62.tif,,,shoe,shoe,no idea,shoe,no idea,shoe,shoe
49,256,0.65,700,700,10,stim/256_stim_obj49.tif,,,no idea,floppy disk,no idea,no idea,n oidea,no idea,no idea
25,256,0.65,700,700,10,stim/256_stim_obj25.tif,,,no idea,no idea,no idea,no idea,no idea,no idea,no idea
36,256,0.65,700,700,10,stim/256_stim_obj36.tif,,,no idea,no idea,no idea,no idea,n o nidea,no idea,no idea
55,64,0.65,700,700,10,stim/64_stim_obj55.tif,,,feather,feather,no idea,feather,feather,feather,feather
63,256,0.65,700,700,10,stim/256_stim_obj63.tif,,,shoe/ no idea,no idea,no idea,no idea,no idea,no idea,no idea
14,64,0.65,700,700,10,stim/64_stim_obj14.tif,,,floppy disk,no idea,no idea,no idea,no idea,pencil sharpener,no idea
30,256,0.65,700,700,10,stim/256_stim_obj30.tif,,,no idea,vhs,no idea,no idea,no idea,no idea,no idea
12,1,0.65,700,700,10,stim/1_stim_obj12.tif,,,shoe ,shoe,shoe,shoe,shoe,shoe,shoe
44,64,0.65,700,700,10,stim/64_stim_obj44.tif,,,no idea,no idea,no idea,no idea,no idea,no ,no idea
38,4,0.65,700,700,10,stim/4_stim_obj38.tif,,,bucket,bucket,bucket,bucket,bucket,bucket,bucket
63,4,0.65,700,700,10,stim/4_stim_obj63.tif,,,shoe,shoe,shoe,shoe,shoe,shoe,shoe
1,4,0.65,700,700,10,stim/4_stim_obj1.tif,,,ac unit,ac unit,ac unit,ac unit,ac unit,ac unit,ac unit
27,4,0.65,700,700,10,stim/4_stim_obj27.tif,,,train,train,train,train,train,train,train
23,16,0.65,700,700,10,stim/16_stim_obj23.tif,,,dress,tent,no idea,tent,tent,tent,no idea
18,256,0.65,700,700,10,stim/256_stim_obj18.tif,,,no idea,no idea,no idea,no idea,no idea,no idea,no idea
43,4,0.65,700,700,10,stim/4_stim_obj43.tif,,,mirror,mirror,mirror,mirror,mirror,mirror,mirror
37,4,0.65,700,700,10,stim/4_stim_obj37.tif,,,block of wood,wood box,no idea,box,box,box,box
62,4,0.65,700,700,10,stim/4_stim_obj62.tif,,,shoe,girls shoe,shoe,shoe,shoe,shoe,shoe
45,4,0.65,700,700,10,stim/4_stim_obj45.tif,,,block of wood,clock,no idea,box,no idea,no idea,box
9,256,0.65,700,700,10,stim/256_stim_obj9.tif,,,no idea,scale,no idea,no idea,no idea,no idea,no idea
70,256,0.65,700,700,10,stim/256_stim_obj70.tif,,,no idea,clock,no idea,no idea,no idea,no idea,no idea
2,256,0.65,700,700,10,stim/256_stim_obj2.tif,,,no idea,no idea,no idea,no idea,flower,no idea,no idea
52,256,0.65,700,700,10,stim/256_stim_obj52.tif,,,no idea,no idea,no idea,no idea,no idea,no idea,no idea
26,1,0.65,700,700,10,stim/1_stim_obj26.tif,,,bow tie,bow tie,bow tie,bow tie,bow tie,bow tie,bow tie
68,16,0.65,700,700,10,stim/16_stim_obj68.tif,,,basketball net,basketball net,basketball net,basketball net,basketball net,basketball net,basketnet ball
31,16,0.65,700,700,10,stim/16_stim_obj31.tif,,,presents,card,no idea,fan,no idea,no idea,presrnst
54,4,0.65,700,700,10,stim/4_stim_obj54.tif,,,faucet,faucet,no idea,faucet,faucet,faucet,faucet
13,16,0.65,700,700,10,stim/16_stim_obj13.tif,,,bench,bench,bench ,bench,bench,bench,bench
44,1,0.65,700,700,10,stim/1_stim_obj44.tif,,,champagne,champagne,champagne,champagne,champagne,champagne,champagne
63,64,0.65,700,700,10,stim/64_stim_obj63.tif,,,shoe,shoe,no idea,shoe,no idea,shoe,no idea
73,16,0.65,700,700,10,stim/16_stim_obj73.tif,,,cookies/ no idea,peanuts,no idea,no idea,no idea,peanuts,peanuts
42,16,0.65,700,700,10,stim/16_stim_obj42.tif,,,car,car,car,car,car,car,car
70,64,0.65,700,700,10,stim/64_stim_obj70.tif,,,shoe,clock,no idea,no idea,no idea,no idea,clock
9,64,0.65,700,700,10,stim/64_stim_obj9.tif,,,scale,scale,scale,no idea,scale,scale,scale
76,64,0.65,700,700,10,stim/64_stim_obj76.tif,,,no idea,no idea,no idea,no idea,no idea,basketball net,no idea
79,256,0.65,700,700,10,stim/256_stim_obj79.tif,,,no idea,no idea,no idea,no idea,no idea,no idea,no idea
26,16,0.65,700,700,10,stim/16_stim_obj26.tif,,,bow tie,bow tie,bow tie,bow tie,bow tie,bow tie,bow tie
17,1,0.65,700,700,10,stim/1_stim_obj17.tif,,,basket,basket,basket,basket,basket,basketball net,basketnet ball
15,16,0.65,700,700,10,stim/16_stim_obj15.tif,,,speaker,speaker,speaker,speaker,speaker,speaker,speaker
24,16,0.65,700,700,10,stim/16_stim_obj24.tif,,,pot,twine,no idea,twine,pot,candle,twine
74,4,0.65,700,700,10,stim/4_stim_obj74.tif,,,bottle,bottle,no idea,bottle,no idea,no idea,bottle
40,4,0.65,700,700,10,stim/4_stim_obj40.tif,,,candles,candles,candles,candles,candles,candles,candles
1,64,0.65,700,700,10,stim/64_stim_obj1.tif,,,ac unit,ac unit,ac unit,ac unit,ac unit,ac unit,ac unit
19,1,0.65,700,700,10,stim/1_stim_obj19.tif,,,sachel bag,sachel bag,sachel bag,sachel bag,bag,bag,bag
61,64,0.65,700,700,10,stim/64_stim_obj61.tif,,,hat,hat,no idea,hat,hat,hat,hat
66,64,0.65,700,700,10,stim/64_stim_obj66.tif,,,no idea,shoe,no idea,no idea,no idea,no idea,no idea
1,16,0.65,700,700,10,stim/16_stim_obj1.tif,,,ac unit,ac unit,ac unit,ac unit,ac unit,ac unit,ac unit
37,16,0.65,700,700,10,stim/16_stim_obj37.tif,,,brick,wood box/crate,no idea,box,box,box,box
79,64,0.65,700,700,10,stim/64_stim_obj79.tif,,,lamp,no idea,no idea,no idea,no idea,no idea,cone
31,1,0.65,700,700,10,stim/1_stim_obj31.tif,,,gift box,gift box,gift box,gift box,gift box,gift box,gift box
29,16,0.65,700,700,10,stim/16_stim_obj29.tif,,,sweater,hat,no idea,hat,no idea,hat,toque
8,16,0.65,700,700,10,stim/16_stim_obj8.tif,,,bracklet,belt,no idea,belt,watch,belt,belt
28,16,0.65,700,700,10,stim/16_stim_obj28.tif,,,tupperwear,tupperwear,no idea,tupperwear,tupperwear,no idea,tupperwear
49,1,0.65,700,700,10,stim/1_stim_obj49.tif,,,cooler,cooler,cooler,cooler,cooler,cooler,cooler
28,1,0.65,700,700,10,stim/1_stim_obj28.tif,,,tupperwear,tupperwear,tupperwear,tupperwear,tupperwear,tupperwear,tupperwear
56,256,0.65,700,700,10,stim/256_stim_obj56.tif,,,no idea,no idea,no idea,no idea,no idea,no idea,no idea
36,4,0.65,700,700,10,stim/4_stim_obj36.tif,,,watermelon,watermelon,no idea,watermelon,watermelon,watermelon,watermelon
10,4,0.65,700,700,10,stim/4_stim_obj10.tif,,,shell,shell,no idea,shell,shell,shell,shell
24,4,0.65,700,700,10,stim/4_stim_obj24.tif,,,pot,twine,no idea,twine,pot,twine,twine
75,64,0.65,700,700,10,stim/64_stim_obj75.tif,,,no idea,no idea,no idea,no idea,no idea,no idea,no idea
80,4,0.65,700,700,10,stim/4_stim_obj80.tif,,,boombox,boombox,boombox,boombox,boombox,boombox,boombox
14,1,0.65,700,700,10,stim/1_stim_obj14.tif,,,computer speaker,computer speaker,speaker,speaker,speaker,speaker,speaker
58,16,0.65,700,700,10,stim/16_stim_obj58.tif,,,footrest,footrest,no idea,stool,stool,stool,stool
42,4,0.65,700,700,10,stim/4_stim_obj42.tif,,,car,car,car,car,car,car,car
51,1,0.65,700,700,10,stim/1_stim_obj51.tif,,,desk,desk,desk ,desk,desk,desk,desk
57,1,0.65,700,700,10,stim/1_stim_obj57.tif,,,flopy disk,flopy disk,floopy disk ,floppy disk,floppy disk,floppy disk,floppy disk
17,16,0.65,700,700,10,stim/16_stim_obj17.tif,,,basket,basket,basket,basket,basket,basketball net,basket
18,64,0.65,700,700,10,stim/64_stim_obj18.tif,,,shell,peanuts,no idea,no idea,flower,peanuts,no idea
40,1,0.65,700,700,10,stim/1_stim_obj40.tif,,,candelabra,candelabra,candelabra,candelabra,candles,candles,candelabra
16,16,0.65,700,700,10,stim/16_stim_obj16.tif,,,kids toy,no idea,no idea,kids toy,toy,kids toy,kids toy
29,64,0.65,700,700,10,stim/64_stim_obj29.tif,,,sweater,hat,no idea,hat,clothing,hat,toque
27,256,0.65,700,700,10,stim/256_stim_obj27.tif,,,shoe,shoes,no idea,no idea,no idea,no idea,no idea
29,1,0.65,700,700,10,stim/1_stim_obj29.tif,,,toque,toque,toque,toque,toque,toque,toque
25,1,0.65,700,700,10,stim/1_stim_obj25.tif,,,kleenex,kleenex,kleenex,kleenex,kleenex,kleenex,kleenex
59,256,0.65,700,700,10,stim/256_stim_obj59.tif,,,no idea,no idea,no idea,no idea,no idea,no idea,no idea
39,256,0.65,700,700,10,stim/256_stim_obj39.tif,,,no idea,no idea,no idea,no idea,flower,n oidea,no idea
38,1,0.65,700,700,10,stim/1_stim_obj38.tif,,,bucket,bucket,bucket,bucket,bucket,bucket,bucket
41,16,0.65,700,700,10,stim/16_stim_obj41.tif,,,toast,no idea,no idea,no idea,candle,candle,shell
51,64,0.65,700,700,10,stim/64_stim_obj51.tif,,,desk,desk,no idea,no idea,desk,no idea,desk
17,64,0.65,700,700,10,stim/64_stim_obj17.tif,,,basket,basket,basketball net,basketball net,basket,basketball net,basket
53,1,0.65,700,700,10,stim/1_stim_obj53.tif,,,cable,cables,cables,cables,cables,cables,cables
32,16,0.65,700,700,10,stim/16_stim_obj32.tif,,,vhs,vhs,vhs,vhs,vhs,vhs,vhs
62,64,0.65,700,700,10,stim/64_stim_obj62.tif,,,girls shoe,no idea,no idea,shoe,no idea,shoe,no idea
61,1,0.65,700,700,10,stim/1_stim_obj61.tif,,,hat,hat,hat,hat,hat,hat,hat
47,64,0.65,700,700,10,stim/64_stim_obj47.tif,,,no idea,coffee beans,no idea,no idea,flower,no idea,packing nuts
76,256,0.65,700,700,10,stim/256_stim_obj76.tif,,,no idea,no idea,no idea,no idea,flower,no iedea,no idea
58,64,0.65,700,700,10,stim/64_stim_obj58.tif,,,foot rest,bench,no idea,stool ,cables,desk,desk 
16,4,0.65,700,700,10,stim/4_stim_obj16.tif,,,kids toy,kids toy,no idea,kids toy,kids toy,kids toy,kids toy
67,64,0.65,700,700,10,stim/64_stim_obj67.tif,,,watermelon,orange,no idea,no idea,pot/ no idea,no idea,lemon
55,256,0.65,700,700,10,stim/256_stim_obj55.tif,,,no idea,no idea,no idea,no idea,no idea,no idea,no idea
73,4,0.65,700,700,10,stim/4_stim_obj73.tif,,,peanuts,peanuts,peanuts,peanuts,peanuts,peanuts,peanuts
78,4,0.65,700,700,10,stim/4_stim_obj78.tif,,,printer,printer,printer,printer,printer,printer,printer
55,1,0.65,700,700,10,stim/1_stim_obj55.tif,,,feather,feather,feather,feather,feather,feather,feather
49,64,0.65,700,700,10,stim/64_stim_obj49.tif,,,cooler,cooler,no idea,no idea,no idea,cooler,no idea
20,1,0.65,700,700,10,stim/1_stim_obj20.tif,,,sunglasses,sunglasses,sunglasses,sunglasses,sunglasses,sunglasses,sunglasses
45,1,0.65,700,700,10,stim/1_stim_obj45.tif,,,wood chest,wood box,chest,chest,box,box,chest
76,4,0.65,700,700,10,stim/4_stim_obj76.tif,,,planter with flower,planter with flower,flower pot,flower pot,flower pot,flower pot,flower pot
22,256,0.65,700,700,10,stim/256_stim_obj22.tif,,,cooler,no idea,no idea,no idea,no idea,no idea,no idea
2,4,0.65,700,700,10,stim/4_stim_obj2.tif,,,flower,flower,flower,flower,flower,flower,flower
21,4,0.65,700,700,10,stim/4_stim_obj21.tif,,,side table,table,table ,table,table,table,table
11,256,0.65,700,700,10,stim/256_stim_obj11.tif,,,kids toy,no idea,no idea,no idea,no idea,n oidea,no idea
65,256,0.65,700,700,10,stim/256_stim_obj65.tif,,,peanuts,wood box,no idea,no idea,no idea,peanuts,no idea
32,1,0.65,700,700,10,stim/1_stim_obj32.tif,,,vhs,vhs,vhs,vhs,vhs,vha,vhs
48,1,0.65,700,700,10,stim/1_stim_obj48.tif,,,change loonie,change loonies,change loonies,change loonies,change,change,change loonies
27,16,0.65,700,700,10,stim/16_stim_obj27.tif,,,train,train,train,train,train,train,train
26,64,0.65,700,700,10,stim/64_stim_obj26.tif,,,no idea,no idea,no idea,bow tie,no idea,no idea,bow tie
52,1,0.65,700,700,10,stim/1_stim_obj52.tif,,,cd holder,cd holder,cd holder,cd holder,cd holder,cd holder,cd holder
75,4,0.65,700,700,10,stim/4_stim_obj75.tif,,,pinecone,pinecone,pinecone,pinecone,plant,pinecone,pinecone
10,16,0.65,700,700,10,stim/16_stim_obj10.tif,,,shell,shell,no idea,shell,shell,shell,shell
11,64,0.65,700,700,10,stim/64_stim_obj11.tif,,,no idea,no idea,no idea,no idea,no idea,no idea,no idea
15,64,0.65,700,700,10,stim/64_stim_obj15.tif,,,speaker,no idea,speaker,no idea,speaker,speaker,electronic
69,4,0.65,700,700,10,stim/4_stim_obj69.tif,,,leather desk chair,leather desk chair,leather desk chair,leather desk chair,leather desk chair,leather desk chair,chair
69,1,0.65,700,700,10,stim/1_stim_obj69.tif,,,leather desk chair,leather desk chair,leather desk chair,leather desk chair,leather desk chair,leather desk chair,chair
56,16,0.65,700,700,10,stim/16_stim_obj56.tif,,,no idea,no idea,no idea,no idea,n oidea,no idea,no idea
4,4,0.65,700,700,10,stim/4_stim_obj4.tif,,,computer bag,computer bag,computer bag,computer bag,bag,bad,bag
75,1,0.65,700,700,10,stim/1_stim_obj75.tif,,,pinecone,pinecone,pinecone,pinecone,pinecone,pinecone,pinecone
37,1,0.65,700,700,10,stim/1_stim_obj37.tif,,,wood box,wooden box,wooden box,wood box,box,box,wood box
75,16,0.65,700,700,10,stim/16_stim_obj75.tif,,,pinecone,pinecone,pinecone,pinecone,pinecone,pinecone,pinecone
23,1,0.65,700,700,10,stim/1_stim_obj23.tif,,,tent,tent,tent,tent,tent,tent,tent
56,64,0.65,700,700,10,stim/64_stim_obj56.tif,,,no idea,flipflop,no idea,no idea,no idea,no idea,no idea
66,4,0.65,700,700,10,stim/4_stim_obj66.tif,,,tractor,tractor,tractor,tractor,tractor,tractor,tractor
65,1,0.65,700,700,10,stim/1_stim_obj65.tif,,,jeans,jeans,jeans,jeans,jeans,jeans,jeans
9,1,0.65,700,700,10,stim/1_stim_obj9.tif,,,scale,scale,scale,scale,scale,scale,scale
5,16,0.65,700,700,10,stim/16_stim_obj5.tif,,,barrel,barrel,barrel ,barrel,no idea,barrel,barrel
6,256,0.65,700,700,10,stim/256_stim_obj6.tif,,,no idea,no idea,no idea,no idea,no idea,no idea,no idea
15,256,0.65,700,700,10,stim/256_stim_obj15.tif,,,no idea,no idea,no idea,no idea,n oidea,no idea,no idea
48,16,0.65,700,700,10,stim/16_stim_obj48.tif,,,change loonie,change loonies,change loonies,change loonies,change,change,change loonies
30,4,0.65,700,700,10,stim/4_stim_obj30.tif,,,vhs,vhs,vhs,vhs,vhs,vhs,vhs
5,64,0.65,700,700,10,stim/64_stim_obj5.tif,,,barrel,barrel,no idea,barrel,no idea,barrel,no idea
25,16,0.65,700,700,10,stim/16_stim_obj25.tif,,,kleenex,kleenex,kleenex,kleenex,kleenex,kleenex,kleenex
2,64,0.65,700,700,10,stim/64_stim_obj2.tif,,,flower,flower,flower,flower,flower,no idea,flower
6,1,0.65,700,700,10,stim/1_stim_obj6.tif,,,battery,battery,no idea,battery,battery,battery,battery
3,64,0.65,700,700,10,stim/64_stim_obj3.tif,,,no idea,cables,no idea,no idea,no idea,wires,no idea
1,1,0.65,700,700,10,stim/1_stim_obj1.tif,,,ac unit,ac unit,ac unit,ac unit,ac unit,ac unit,ac unit
14,4,0.65,700,700,10,stim/4_stim_obj14.tif,,,computer speaker,computer speaker,computer speaker,computer speaker,speaker,speaker,computer speaker
71,16,0.65,700,700,10,stim/16_stim_obj71.tif,,,outlet,outlet,outlet,outlet,outlet,outlet,outlet
78,256,0.65,700,700,10,stim/256_stim_obj78.tif,,,no idea,no idea,no idea,no idea,no idea,no idea,no idea
44,16,0.65,700,700,10,stim/16_stim_obj44.tif,,,champagne,no idea,no idea,champagne,no idea,no idea,no idea
68,1,0.65,700,700,10,stim/1_stim_obj68.tif,,,basketball net,basketball net,basketball net,basketball net,basketball net,basketball net,basketball net
66,16,0.65,700,700,10,stim/16_stim_obj66.tif,,,tractor,tractor,tractor,tractor,tractor,tractor,tractor
19,64,0.65,700,700,10,stim/64_stim_obj19.tif,,,satchel bag,office chair,no idea,no idea,tractor,no idea,no idea
20,64,0.65,700,700,10,stim/64_stim_obj20.tif,,,no idea,sunglasses,no idea,no idea,no idea,no idea,no idea
11,16,0.65,700,700,10,stim/16_stim_obj11.tif,,,no idea,googles,no idea,googles,no idea,no idea,faucet
79,4,0.65,700,700,10,stim/4_stim_obj79.tif,,,cone,cone,cone,cone,cone,cone,cone
35,16,0.65,700,700,10,stim/16_stim_obj35.tif,,,watch,watch,watch ,watch,watch,watch,watch
52,16,0.65,700,700,10,stim/16_stim_obj52.tif,,,basketball net,mirror,no idea,no idea,cd holder,no idea,no idea
13,256,0.65,700,700,10,stim/256_stim_obj13.tif,,,no idea,no idea,no idea,no idea,no idea,no idea,no idea
34,256,0.65,700,700,10,stim/256_stim_obj34.tif,,,no idea,outlet,no idea,no idea,floppy disk,no idea,no idea
45,64,0.65,700,700,10,stim/64_stim_obj45.tif,,,no idea,no idea,no idea,no idea,wood box,box,box
5,4,0.65,700,700,10,stim/4_stim_obj5.tif,,,barrel,barrel,barrel ,barrel,barrel,barrel,barrel
57,16,0.65,700,700,10,stim/16_stim_obj57.tif,,,floppy disk,floppy disk,floppy disk,floppy disk,floppy disk,floppy disk,floppy disk
64,4,0.65,700,700,10,stim/4_stim_obj64.tif,,,jar,jar,no idea,jar,no idea,jar,jar
67,1,0.65,700,700,10,stim/1_stim_obj67.tif,,,lemon,lemon,lemon,lemon,lemon,lemon,lemon
39,16,0.65,700,700,10,stim/16_stim_obj39.tif,,,button,button,no idea,button,button,button,button
77,1,0.65,700,700,10,stim/1_stim_obj77.tif,,,mailbox,mailbox,mailbox,mailbox,mailbox,mailbox,mailbox
53,64,0.65,700,700,10,stim/64_stim_obj53.tif,,,cables,cables,cables,cables,cables,wires,cables
2,1,0.65,700,700,10,stim/1_stim_obj2.tif,,,flower,flower,flower,flower,flower,flower,flower
23,256,0.65,700,700,10,stim/256_stim_obj23.tif,,,no idea,flower,no idea,no idea,fower,no idea,no idea
33,1,0.65,700,700,10,stim/1_stim_obj33.tif,,,volleyball,volleyball,volleyball,volleyball,volleyball,volleyball,volleyball
41,256,0.65,700,700,10,stim/256_stim_obj41.tif,,,no idea,no idea,no idea,no idea,no idea,n oidea,no idea
39,1,0.65,700,700,10,stim/1_stim_obj39.tif,,,button,button,button ,button,button,button,button
34,64,0.65,700,700,10,stim/64_stim_obj34.tif,,,battery,outlet,no idea,no idea,floppy disk,computer thing,no idea
59,64,0.65,700,700,10,stim/64_stim_obj59.tif,,,dominos,presents,no idea,presents,no idea,dominos,dice
46,64,0.65,700,700,10,stim/64_stim_obj46.tif,,,no idea,clock,no idea,clock,clock,no idea,clock
23,64,0.65,700,700,10,stim/64_stim_obj23.tif,,,no idea,no idea,no idea,no idea,no idea,tent,no idea
34,4,0.65,700,700,10,stim/4_stim_obj34.tif,,,washing machine,washing machine,washing machine,washing machine,washing machine,washing machine,washing machine
57,256,0.65,700,700,10,stim/256_stim_obj57.tif,,,floppy disk,floppy disk,no idea,floppy disk,floppy disk,flopy disk',no idea
18,1,0.65,700,700,10,stim/1_stim_obj18.tif,,,teddy bear,teddy bear,teddy bear,teddy bear,teddy bear,teddy bear,teddy bear
16,256,0.65,700,700,10,stim/256_stim_obj16.tif,,,no idea,kids toy,no idea,no idea,no idea,kids toy,no idea
22,1,0.65,700,700,10,stim/1_stim_obj22.tif,,,tape,tape,tape,tape,tape,tape,tape
52,4,0.65,700,700,10,stim/4_stim_obj52.tif,,,cd case,cd case,cd case,cd case,cd holder,cd holder,cd case
29,256,0.65,700,700,10,stim/256_stim_obj29.tif,,,toque,toque,no idea,toque,toque,toque,no idea
27,64,0.65,700,700,10,stim/64_stim_obj27.tif,,,train,train,train ,train,train,train,train
44,4,0.65,700,700,10,stim/4_stim_obj44.tif,,,champagne,champagne,champagne,champagne,champagne,champagne,champagne
46,16,0.65,700,700,10,stim/16_stim_obj46.tif,,,clock,clock,clock ,clock,clock,clock,clock
72,256,0.65,700,700,10,stim/256_stim_obj72.tif,,,no idea,no idea,no idea,no idea,no idea,no idea,no idea
7,256,0.65,700,700,10,stim/256_stim_obj7.tif,,,birds nest,birds nest,no idea,birds nest,birds nest,birds nest,birds nest
7,1,0.65,700,700,10,stim/1_stim_obj7.tif,,,birds nest,birds nest,birds nest,birds nest,birds nest,birds nest,birds nest
38,256,0.65,700,700,10,stim/256_stim_obj38.tif,,,button,no idea,no idea,no idea,no idea,no idea,no idea
8,1,0.65,700,700,10,stim/1_stim_obj8.tif,,,belt,belt,belt ,belt,belt,belt,belt
39,64,0.65,700,700,10,stim/64_stim_obj39.tif,,,button,button,button,button,button,button,button
31,64,0.65,700,700,10,stim/64_stim_obj31.tif,,,kleenex,no idea,no idea,no idea,no idea,kleenex,no idea
70,16,0.65,700,700,10,stim/16_stim_obj70.tif,,,no idea,no idea,no idea,clock,clock,clock,clock
67,256,0.65,700,700,10,stim/256_stim_obj67.tif,,,no idea,lemon,no idea,no idea,no idea,no idea,lemon
10,1,0.65,700,700,10,stim/1_stim_obj10.tif,,,shell,shell,shell ,shell,shell,shell,shell
80,16,0.65,700,700,10,stim/16_stim_obj80.tif,,,boombox,boombox,boombox,boombox,boombox,no idea - electronic,boombox
12,64,0.65,700,700,10,stim/64_stim_obj12.tif,,,shoe,shoe,shoe,shoe,shoe,shoes,shoe
77,64,0.65,700,700,10,stim/64_stim_obj77.tif,,,mailbox,mailbox,mailbox,no idea,mailbox,mailbox,no idea
31,4,0.65,700,700,10,stim/4_stim_obj31.tif,,,kleenex,gift box,kleenex,kleenex,kleenex,gift kleenex box,kleenex
78,16,0.65,700,700,10,stim/16_stim_obj78.tif,,,printer,printer,printer,printer,printer,printer,no idea
41,4,0.65,700,700,10,stim/4_stim_obj41.tif,,,no idea,candle,no idea,button,plate pot sit,candle,candle
69,256,0.65,700,700,10,stim/256_stim_obj69.tif,,,no idea,no idea,no idea,no idea,no idea,no idea,no idea
60,16,0.65,700,700,10,stim/16_stim_obj60.tif,,,no idea,no idea,no idea,no idea,no idea,no idea,no idea
50,256,0.65,700,700,10,stim/256_stim_obj50.tif,,,shell,no idea,no idea,no idea,no idea,nest,no idea
79,16,0.65,700,700,10,stim/16_stim_obj79.tif,,,cone,cone,cone,cone,cone,cone,cone
18,16,0.65,700,700,10,stim/16_stim_obj18.tif,,,no idea,no idea,teddy bear,teddy bear,teddy bear,teddy bear,teddy bear
58,1,0.65,700,700,10,stim/1_stim_obj58.tif,,,footrest,footrest,chair,stool ,stool,stool,stool
31,256,0.65,700,700,10,stim/256_stim_obj31.tif,,,no idea,no idea,no idea,no idea,no idea,no idea,no idea
7,64,0.65,700,700,10,stim/64_stim_obj7.tif,,,birds nest,birds nest,birds nest,birds nest,birds nest,birds nest,birds nest
72,4,0.65,700,700,10,stim/4_stim_obj72.tif,,,soother,soother,soother,soother,soother,soother,soother
56,4,0.65,700,700,10,stim/4_stim_obj56.tif,,,flipflop,flipflop,flipflop,flipflop,flipflop,flipflop,flipflop
47,1,0.65,700,700,10,stim/1_stim_obj47.tif,,,coffee beans,coffee beans,beans,coffee beans,coffee beans,coffeebeans,coffee beans
64,64,0.65,700,700,10,stim/64_stim_obj64.tif,,,no idea,soother,no idea,no idea,no idea,jar,no idea
68,4,0.65,700,700,10,stim/4_stim_obj68.tif,,,basketball net,basketball net,basketball net,basketball net,basketball net,basketball net,basketball net
22,16,0.65,700,700,10,stim/16_stim_obj22.tif,,,tape,tape,tape,tape,tape,tape,tape
46,1,0.65,700,700,10,stim/1_stim_obj46.tif,,,clock,clock,clock ,clock,clock,clock,clock
35,64,0.65,700,700,10,stim/64_stim_obj35.tif,,,watch,watch,watch ,watch,watch,watch,watch
60,1,0.65,700,700,10,stim/1_stim_obj60.tif,,,hard hat,hard hat,hard hat,hard hat,hard hat,hard hat,hard hat
9,4,0.65,700,700,10,stim/4_stim_obj9.tif,,,scale,scale,scale,scale,scale,scale,scale
53,256,0.65,700,700,10,stim/256_stim_obj53.tif,,,coffee beans,cable,no idea,coffee beans,cables,coffeebeans,no idea
28,64,0.65,700,700,10,stim/64_stim_obj28.tif,,,tupperwear,tupperwear,no idea,tupperwear,tupperwear,scale,tupperwear
59,4,0.65,700,700,10,stim/4_stim_obj59.tif,,,presents,presents,presents,presents,presents,presents,presents
44,256,0.65,700,700,10,stim/256_stim_obj44.tif,,,no idea,no idea,no idea,no idea,no idea,no idea,no idea
77,4,0.65,700,700,10,stim/4_stim_obj77.tif,,,mailbox,mailbox,mailbox,mailbox,mailbox,mailbox,mailbox
63,1,0.65,700,700,10,stim/1_stim_obj63.tif,,,shoe,shoe,shoe,shoe,shoe,shoes,shoe
3,16,0.65,700,700,10,stim/16_stim_obj3.tif,,,no idea,no idea,no idea,no idea,no idea,walkman electronic,no idea
14,256,0.65,700,700,10,stim/256_stim_obj14.tif,,,shoe,no idea,no idea,no idea,speaker,speaker,no idea
40,16,0.65,700,700,10,stim/16_stim_obj40.tif,,,candelabra,candelabra,candelabra,candelabra,candles,candles,candelabra
48,4,0.65,700,700,10,stim/4_stim_obj48.tif,,,change loonie,change loonies,change loonies,change loonies,change,change,change loonies
49,4,0.65,700,700,10,stim/4_stim_obj49.tif,,,cooler,cooler,cooler,cooler,cooler,cooler,cooler
76,16,0.65,700,700,10,stim/16_stim_obj76.tif,,,flower in planter,planter with flower,flower pot,flower pot,flower pot,flower pot,flower pot
7,4,0.65,700,700,10,stim/4_stim_obj7.tif,,,birds nest,birds nest,birds nest,birds nest,birds nest,birds nest,birds nest
3,1,0.65,700,700,10,stim/1_stim_obj3.tif,,,tv router,tv router,tv router,tv router,tv router,tv router,tv router
60,4,0.65,700,700,10,stim/4_stim_obj60.tif,,,hard hat,hard hat,hard hat,hard hat,hard hat,hard hat,hard hat
27,1,0.65,700,700,10,stim/1_stim_obj27.tif,,,train,train,train,train,train,train,train
53,16,0.65,700,700,10,stim/16_stim_obj53.tif,,,cable,cable,cable,cable,cables,cables,cable
51,16,0.65,700,700,10,stim/16_stim_obj51.tif,,,desk,desk,table ,desk,desk,desk,desk
28,256,0.65,700,700,10,stim/256_stim_obj28.tif,,,no idea,tupperwear,no idea,tupperwear,cables,no ieda,no idea
19,4,0.65,700,700,10,stim/4_stim_obj19.tif,,,satchel bag,satchel bag,satchel bag,satchel bag,bag,bag,satchel bag
51,256,0.65,700,700,10,stim/256_stim_obj51.tif,,,desk,desk,no idea,no idea,no idea,cooler,no idea
54,64,0.65,700,700,10,stim/64_stim_obj54.tif,,,googles,no idea,no idea,no idea,no idea,no idea,no idea
17,4,0.65,700,700,10,stim/4_stim_obj17.tif,,,basket,basket,basket,basket,basket,basketball net,basket
6,64,0.65,700,700,10,stim/64_stim_obj6.tif,,,no idea,battery,no idea,no idea,battery,no idea,no idea
40,256,0.65,700,700,10,stim/256_stim_obj40.tif,,,candelabra,candelabra,no idea,candelabra,candles,candles,candelabra
8,4,0.65,700,700,10,stim/4_stim_obj8.tif,,,belt,belt,belt ,belt,belt,belt,belt
60,64,0.65,700,700,10,stim/64_stim_obj60.tif,,,hard hat,hard hat,no idea,no idea,hard hat,no idea,no idea
58,256,0.65,700,700,10,stim/256_stim_obj58.tif,,,no idea,no idea,no idea,no idea,no idea,no idea,no idea
23,4,0.65,700,700,10,stim/4_stim_obj23.tif,,,tent,tent,tent,tent,tent,tent,tent
14,16,0.65,700,700,10,stim/16_stim_obj14.tif,,,computer speaker,computer speaker,computer speaker,computer speaker,computer speaker,tv computer,computer speaker
1,256,0.65,700,700,10,stim/256_stim_obj1.tif,,,ac unit,ac unit,ac unit,ac unit,ac unit,ac unit,ac unit
46,4,0.65,700,700,10,stim/4_stim_obj46.tif,,,clock,clock,clock ,clock,clock,clocl,clock
77,16,0.65,700,700,10,stim/16_stim_obj77.tif,,,mailbox,mailbox,mailbox,mailbox,mailbox,mailbox,mailbox
71,256,0.65,700,700,10,stim/256_stim_obj71.tif,,,outlet,outlet,outlet,no idea,no idea,no idea,outlet
64,1,0.65,700,700,10,stim/1_stim_obj64.tif,,,jar,jar,jar,jar,jar,jar,jar
70,4,0.65,700,700,10,stim/4_stim_obj70.tif,,,clock,clock,clock,clock,clock,clock,clock
52,64,0.65,700,700,10,stim/64_stim_obj52.tif,,,kids toy,no idea,soother,no idea,no idea,food,no idea
22,4,0.65,700,700,10,stim/4_stim_obj22.tif,,,tape,tape,tape,tape,tape,tape,tape
40,64,0.65,700,700,10,stim/64_stim_obj40.tif,,,candelabra,candelabra,candelabra,candelabra,candles,candles,candelabra
8,64,0.65,700,700,10,stim/64_stim_obj8.tif,,,belt,belt,belt ,belt,belt,belt,belt
50,1,0.65,700,700,10,stim/1_stim_obj50.tif,,,couch,couch,couch,couch,couch,couch,couch
12,4,0.65,700,700,10,stim/4_stim_obj12.tif,,,shoe,shoe,shoe,shoe,shoe,shoe,shoe
46,256,0.65,700,700,10,stim/256_stim_obj46.tif,,,no idea,old clock,no idea,no idea,no idea,no idea,no idea
21,256,0.65,700,700,10,stim/256_stim_obj21.tif,,,couch,table,no idea,no idea,plate no idea,no ida,no idea
73,64,0.65,700,700,10,stim/64_stim_obj73.tif,,,teddy bear,peanuts,no idea,no idea,peanuts,peanuts,peanuts
71,1,0.65,700,700,10,stim/1_stim_obj71.tif,,,outlet,outlet,outlet,outlet,outlet,outlet,outlet
37,64,0.65,700,700,10,stim/64_stim_obj37.tif,,,no idea,crate box,chest,chest boc,box,box,chest boc
43,16,0.65,700,700,10,stim/16_stim_obj43.tif,,,mirror,tupperwear,soother,no idea,mirror,mirror,mirror
72,64,0.65,700,700,10,stim/64_stim_obj72.tif,,,soother,soother,no idea,soother,no idea,soother,no idea
42,256,0.65,700,700,10,stim/256_stim_obj42.tif,,,car tire,train,car,car,car,no idea,car
67,16,0.65,700,700,10,stim/16_stim_obj67.tif,,,lemon,lemon,lemon,lemon,lemon,lemon,lemon
36,1,0.65,700,700,10,stim/1_stim_obj36.tif,,,watermelon,watermelon,watermelon,watermelon,watermelon,watermelon,watermelon
45,16,0.65,700,700,10,stim/16_stim_obj45.tif,,,wood chest,old clock wooden box,no idea,clock wood,box,box,clock wood
66,1,0.65,700,700,10,stim/1_stim_obj66.tif,,,tractor,tractor,tractor,tractor,tractor,tractor,tractor
24,1,0.65,700,700,10,stim/1_stim_obj24.tif,,,twine,twine,twine,twine,twine,twine,twine
39,4,0.65,700,700,10,stim/4_stim_obj39.tif,,,button,button,button ,button,button,button,button
71,64,0.65,700,700,10,stim/64_stim_obj71.tif,,,outlet,outlet,outlet,outlet,outlet,outlet,outlet
45,256,0.65,700,700,10,stim/256_stim_obj45.tif,,,wood chest,old clock wooden box,no idea,no idea,no idea,boxes,no idea
66,256,0.65,700,700,10,stim/256_stim_obj66.tif,,,watch,tractor,no idea,no idea,no idea,tractor,no idea
74,1,0.65,700,700,10,stim/1_stim_obj74.tif,,,bottle,bottle,bottle,bottle,bottle,bottle,bottle
47,16,0.65,700,700,10,stim/16_stim_obj47.tif,,,coffee beans,coffee beans,coffee beans,coffee beans,coffee beans,coffeebeans,coffee beans
4,64,0.65,700,700,10,stim/64_stim_obj4.tif,,,no idea,no idea,no idea,no idea,no idea,printer,no idea
73,256,0.65,700,700,10,stim/256_stim_obj73.tif,,,teddy bear,peanuts,no idea,no idea,peanuts,peanuts,no idea
71,4,0.65,700,700,10,stim/4_stim_obj71.tif,,,outlet,outlet,outlet,outlet,outlet,outlet,outlet
32,4,0.65,700,700,10,stim/4_stim_obj32.tif,,,vhs,vhs,vhs,vhs,vhs,vhs,vhs
21,1,0.65,700,700,10,stim/1_stim_obj21.tif,,,table,outdoor table table,table ,table,table,table,table
8,256,0.65,700,700,10,stim/256_stim_obj8.tif,,,no idea,belt,no idea,no idea,no idea,no idea,no idea
55,4,0.65,700,700,10,stim/4_stim_obj55.tif,,,feather,feathre,feather,feather,feather,feather,feather
25,64,0.65,700,700,10,stim/64_stim_obj25.tif,,,kleenex,kleenex,no idea,no idea,kleenex,gift box,no idea
50,4,0.65,700,700,10,stim/4_stim_obj50.tif,,,couch,couch,couch,couch,couch,couch,couch
19,16,0.65,700,700,10,stim/16_stim_obj19.tif,,,satchel bag,purse scachel bag,bag,bag,bag,bag,bag
30,16,0.65,700,700,10,stim/16_stim_obj30.tif,,,vhs,vhs,vhs,vhs,vhs,vhs,vhs
80,64,0.65,700,700,10,stim/64_stim_obj80.tif,,,boombox,no idea,no idea,boombox,boombox,no idea,no idea
69,16,0.65,700,700,10,stim/16_stim_obj69.tif,,,leather desk chair,leather desk chair,leather desk chair,leather desk chair,leather desk chair,leather desk chair,chair
65,16,0.65,700,700,10,stim/16_stim_obj65.tif,,,jeans,jeans,jeans,jeans,jeans,jeans,jeans
30,64,0.65,700,700,10,stim/64_stim_obj30.tif,,,tape,vhs,vhs,vhs,vhs,vhs,vhs
38,16,0.65,700,700,10,stim/16_stim_obj38.tif,,,bucket,bucket,bucket,bucket,bucket,scale,no idea
56,1,0.65,700,700,10,stim/1_stim_obj56.tif,,,flipflop,flipflop,flipflop,flipflop,flipflop,flipflop,flipflop
73,1,0.65,700,700,10,stim/1_stim_obj73.tif,,,peanuts,peanuts,peanuts,peanuts,peanuts,peanuts,peanuts
74,256,0.65,700,700,10,stim/256_stim_obj74.tif,,,no idea,no idea,noi idea,no idea,no idea,no idea,no idea
33,16,0.65,700,700,10,stim/16_stim_obj33.tif,,,volleyball,volleyball,volleyball,volleyball,volleyball,no idea,volleyball
4,256,0.65,700,700,10,stim/256_stim_obj4.tif,,,no idea,computer bag,no idea,no idea,no idea,no idea,no idea
35,256,0.65,700,700,10,stim/256_stim_obj35.tif,,,no idea,belt,no idea,no idea,birds nest,no idea,no idea
78,1,0.65,700,700,10,stim/1_stim_obj78.tif,,,printer,printer,printer,printer,printer,printer,printer
4,1,0.65,700,700,10,stim/1_stim_obj4.tif,,,satchel bag,computer bag,bag,bag,bag,bag,bag
48,256,0.65,700,700,10,stim/256_stim_obj48.tif,,,no idea,shoe,no idea,change loonies,no idea,scale,no idea
62,256,0.65,700,700,10,stim/256_stim_obj62.tif,,,no idea,office chair,no idea,no idea,no idea,no idea,no idea
16,1,0.65,700,700,10,stim/1_stim_obj16.tif,,,kids toy,kids toy,kids toy,kids toy,kids toy,kids toy,kids toy
21,16,0.65,700,700,10,stim/16_stim_obj21.tif,,,side table,outdoor table table,table ,table,table,table,table
59,16,0.65,700,700,10,stim/16_stim_obj59.tif,,,presents,presents,presents,presents,n oidea,presents,presents
69,64,0.65,700,700,10,stim/64_stim_obj69.tif,,,leather desk chair,leather desk chair,leather desk chair,leather desk chair,leather desk chair,leather desk chair,chair
4,16,0.65,700,700,10,stim/16_stim_obj4.tif,,,satchel bag,computer bag,bag,bag,bag,bag,bag
25,4,0.65,700,700,10,stim/4_stim_obj25.tif,,,kleenex,kleenex,kleenex,kleenex,kleenex,kleenex,kleenex
11,4,0.65,700,700,10,stim/4_stim_obj11.tif,,,no idea,googles,no idea,googles,googles,googles,googles
64,16,0.65,700,700,10,stim/16_stim_obj64.tif,,,jar,jar,no idea,jar,jar,jar,no idea
48,64,0.65,700,700,10,stim/64_stim_obj48.tif,,,change loonies,change loonies,change loonies,change loonies,change,change,change loonies
76,1,0.65,700,700,10,stim/1_stim_obj76.tif,,,planter with flower,planter with flower,flower pot,flower pot,flower pot,flower pot,flower pot
54,256,0.65,700,700,10,stim/256_stim_obj54.tif,,,no idea,mirror,no idea,no idea,no idea,no idea,no idea
34,1,0.65,700,700,10,stim/1_stim_obj34.tif,,,washing machine,washing machine,washing machine,washing machine,washing machine,washing machine,washing machine
62,1,0.65,700,700,10,stim/1_stim_obj62.tif,,,girls shoe,girls shoe,shoe,shoe,shoe,shoe,shoe
53,4,0.65,700,700,10,stim/4_stim_obj53.tif,,,cables,cables,cables,cables,cables,cables,cables
18,4,0.65,700,700,10,stim/4_stim_obj18.tif,,,teddy bear,teddy bear,teddy bear,teddy bear,teddy bear,teddy bear,teddy bear
3,256,0.65,700,700,10,stim/256_stim_obj3.tif,,,no idea,no idea,no idea,no idea,no idea,no idea,no idea
24,256,0.65,700,700,10,stim/256_stim_obj24.tif,,,no idea,tupperwear,no idea,no idea,no idea,no ide,no idea
33,256,0.65,700,700,10,stim/256_stim_obj33.tif,,,no idea,no idea,no idea,no idea,volleyball,contarir,no idea
29,4,0.65,700,700,10,stim/4_stim_obj29.tif,,,toque,toque,toque,toque,toque,toque,toque
51,4,0.65,700,700,10,stim/4_stim_obj51.tif,,,desk,desk,desk ,desk,desk,desk,desk
80,1,0.65,700,700,10,stim/1_stim_obj80.tif,,,boombox,boombox,boombox,boombox,boombox,boombox,boombox
72,16,0.65,700,700,10,stim/16_stim_obj72.tif,,,soother,soother,soother,soother,soother,soother,no idea
21,64,0.65,700,700,10,stim/64_stim_obj21.tif,,,side table,outdoor table table,table ,table,table,table,table
54,16,0.65,700,700,10,stim/16_stim_obj54.tif,,,faucet,sunglasses,no idea,faucet,faucet,no idea,faucet
38,64,0.65,700,700,10,stim/64_stim_obj38.tif,,,bucket,googles,no idea,bucket,no idea,bucket,no idea
42,1,0.65,700,700,10,stim/1_stim_obj42.tif,,,car,car,car,car,car,car,car
54,1,0.65,700,700,10,stim/1_stim_obj54.tif,,,faucet,faucet,faucet,faucet,faucet,faucet,faucet
36,16,0.65,700,700,10,stim/16_stim_obj36.tif,,,watermelon,watermelon,watermelon,watermelon,watermelon,watermelon,watermelon
24,64,0.65,700,700,10,stim/64_stim_obj24.tif,,,twine,twine,twine,no idea,shell,twine,twine
74,64,0.65,700,700,10,stim/64_stim_obj74.tif,,,bottle,bottle,no idea,bottle,bottle,bottle,bottle
50,64,0.65,700,700,10,stim/64_stim_obj50.tif,,,couch,couch,no idea ,couch,no idea,couch,couch
10,256,0.65,700,700,10,stim/256_stim_obj10.tif,,,couch,no idea,no idea,no idea,no idea,peanuts,couch
61,256,0.65,700,700,10,stim/256_stim_obj61.tif,,,no idea,hat,noi idea,no idea,hat,no idea,hat
65,64,0.65,700,700,10,stim/64_stim_obj65.tif,,,jeans,jeans,jeans,jeans,jeans,peanuts,jeans
13,1,0.65,700,700,10,stim/1_stim_obj13.tif,,,bench,bench,bench,bench,bench,bench,bench
19,256,0.65,700,700,10,stim/256_stim_obj19.tif,,,no idea,no idea,no idea,no idea,boombox,no idea,no idea
68,64,0.65,700,700,10,stim/64_stim_obj68.tif,,,basketball net,basketball net,basketball net,basketball net,basketball net,basketball net,basketball net
80,256,0.65,700,700,10,stim/256_stim_obj80.tif,,,no idea,computer bag,no idea,no idea,boombox,no idea,no idea
67,4,0.65,700,700,10,stim/4_stim_obj67.tif,,,lemon,lemon,lemon,lemon,lemon,lemon,lemon
12,16,0.65,700,700,10,stim/16_stim_obj12.tif,,,shoe,shoe,shoe,shoe,shoe,shoe,shoe
42,64,0.65,700,700,10,stim/64_stim_obj42.tif,,,car,car,car,car,car,car,car
50,16,0.65,700,700,10,stim/16_stim_obj50.tif,,,couch,couch,no idea,couch,couch,couch,couch
17,256,0.65,700,700,10,stim/256_stim_obj17.tif,,,basket,basket,basket,basket,basket,twine wire basket,basket
20,4,0.65,700,700,10,stim/4_stim_obj20.tif,,,sunglasses,sunglasses,sunglasses,sunglasses,sunglasses,sunglasses,sunglasses
12,256,0.65,700,700,10,stim/256_stim_obj12.tif,,,shoe,shoe,shoe,shoe,shoe,shoe,shoe
77,256,0.65,700,700,10,stim/256_stim_obj77.tif,,,mailbox,no idea,no idea,no idea,no idea,no idea,no idea
35,4,0.65,700,700,10,stim/4_stim_obj35.tif,,,watch,watch,watch,watch,watch,watch,watch
58,4,0.65,700,700,10,stim/4_stim_obj58.tif,,,footrest,footrest,chair,stool,stool,stool,stool
32,256,0.65,700,700,10,stim/256_stim_obj32.tif,,,no idea,printer,no idea,no idea,no idea,no idea,no idea
65,4,0.65,700,700,10,stim/4_stim_obj65.tif,,,jeans,jeans,jeans,jeans,jeans,jeans,jeans
28,4,0.65,700,700,10,stim/4_stim_obj28.tif,,,tupperwear,tupperwear,tupperwear,tupperwear,tupperwear,tupperwear,tupperwear
43,64,0.65,700,700,10,stim/64_stim_obj43.tif,,,mirror,tupperwear,no idea,jar,no idea,mirror,no idea
10,64,0.65,700,700,10,stim/64_stim_obj10.tif,,,shell,shell,no idea,no idea,no idea,no idea,no idea
61,4,0.65,700,700,10,stim/4_stim_obj61.tif,,,hat,hat,hat,hat,hat,hat,hat
60,256,0.65,700,700,10,stim/256_stim_obj60.tif,,,no idea,tupperwear,no idea,no idea,no idea,no idea,no idea
5,1,0.65,700,700,10,stim/1_stim_obj5.tif,,,barrel,barrel,barrel ,barrel,barrel,barrel,barrel
33,4,0.65,700,700,10,stim/4_stim_obj33.tif,,,volleyball,volleyball,volleyball,volleyball,volleyball,volleyball,volleyball
22,64,0.65,700,700,10,stim/64_stim_obj22.tif,,,no idea,tape,no idea,no idea,no idea,no idea,no idea
6,4,0.65,700,700,10,stim/4_stim_obj6.tif,,,battery,battery,no idea,battery,battery,battery,battery
20,16,0.65,700,700,10,stim/16_stim_obj20.tif,,,sunglasses,sunglasses,sunglasses,sunglasses,sunglasses,sunglasses,sunglasses
37,256,0.65,700,700,10,stim/256_stim_obj37.tif,,,wood chest,wooden box,no idea,no idea,no idea,no idea,no idea
47,4,0.65,700,700,10,stim/4_stim_obj47.tif,,,coffee beans,coffee beans,coffee beans,coffee beans,coffee beans,coffeebeans,coffee beans
33,64,0.65,700,700,10,stim/64_stim_obj33.tif,,,volleyball,volleyball,volleyball,volleyball,volleyball,scale,volleyball
7,16,0.65,700,700,10,stim/16_stim_obj7.tif,,,birds nest,birds nest,birds nest,birds nest,birds nest,birds nest,birds nest
3,4,0.65,700,700,10,stim/4_stim_obj3.tif,,,wifi router,tv router,tv router,tv router,tv router,tv router,tv router
75,256,0.65,700,700,10,stim/256_stim_obj75.tif,,,no idea,no idea,no idea,no idea,no idea,no idea,no idea
36,64,0.65,700,700,10,stim/64_stim_obj36.tif,,,watermelon,watermelon,watermelon,watermelon,watermelon,watermelon,watermelon
34,16,0.65,700,700,10,stim/16_stim_obj34.tif,,,washing machine,washing machine,washing machine,washing machine,washing machine,washing machine,washing machine
47,256,0.65,700,700,10,stim/256_stim_obj47.tif,,,coffee beans,coffee beans,no idea,no idea,no idea,coffeebeans,no idea
