IMAGE_Num,Scramble,time,width,height,fix_time,Path,,,Shanaa,Raphael,Charlene,Holly,Alfred,Maria,Samantha,Katie,Mike,Marco,Tasfia,Emily
70,1,0.65,700,700,10,stim/1_stim_obj70.tif,,,clock,clock,clock,clock,clock,clock,clock,clock,clock,clock,clock,clock
26,256,0.65,700,700,10,stim/256_stim_obj26.tif,,,no idea,no idea,no idea,no idea,no idea,no idea,no idea,no idea,no idea,no idea,clock,no idea
63,16,0.65,700,700,10,stim/16_stim_obj63.tif,,,no idea,no idea,no idea,no idea,no idea,no idea,shoe,shoe,shoe,no idea,no idea,shoe
64,256,0.65,700,700,10,stim/256_stim_obj64.tif,,,no idea,no idea,no idea,no idea,no idea,no idea,no idea,no idea,no idea,no idea,no idea,no idea
74,16,0.65,700,700,10,stim/16_stim_obj74.tif,,,no idea,no idea,bottle,no idea,no idea,no idea,no idea,no idea,no idea,no idea,bottle,bottle
32,64,0.65,700,700,10,stim/64_stim_obj32.tif,,,no idea,no idea,no idea,no idea,no idea,box,no idea,no idea,clock,no idea,box,no idea
16,64,0.65,700,700,10,stim/64_stim_obj16.tif,,,no idea,no idea,no idea,no idea,no idea,no idea,no idea,kids toy,kids toy,kids toy,kids toy,no idea
78,64,0.65,700,700,10,stim/64_stim_obj78.tif,,,no idea,no idea,no idea,no idea,no idea,no idea,no idea,no idea,no idea,no idea,drawer,no idea
55,16,0.65,700,700,10,stim/16_stim_obj55.tif,,,feather,feather,feather,feather,feather,feather,feather,feather,feather,feather,feather,feather
26,4,0.65,700,700,10,stim/4_stim_obj26.tif,,,bow tie,bow tie,bow tie,bow tie,bow tie,bow tie,bow tie,bow tie,bow tie,bow tie,bow tie,bow tie
2,16,0.65,700,700,10,stim/16_stim_obj2.tif,,,flower,flower,flower,no idea,flower,flower,flower,flower,flower,flower,flower,flower
41,1,0.65,700,700,10,stim/1_stim_obj41.tif,,,candle,candle,candle,candle,candle,candle,candle,candle,candle,candle,candle,candle
15,1,0.65,700,700,10,stim/1_stim_obj15.tif,,,speaker,speaker,speaker,speaker,speaker,speaker,speaker,speaker,speaker,speaker,speaker,speaker
72,1,0.65,700,700,10,stim/1_stim_obj72.tif,,,soother,soother,soother,soother,soother,soother,soother,soother,soother,soother,soother,soother
13,4,0.65,700,700,10,stim/4_stim_obj13.tif,,,bench,bench,bench,bench,bench,bench,bench,bench,bench,bench,bench,bench
11,1,0.65,700,700,10,stim/1_stim_obj11.tif,,,googles,googles,googles,googles,googles,googles,googles,googles,googles,googles,googles,googles
35,1,0.65,700,700,10,stim/1_stim_obj35.tif,,,watch,watch,watch,watch,watch,watch,watch,watch,watch,watch,watch,watch
41,64,0.65,700,700,10,stim/64_stim_obj41.tif,,,no idea,no idea,no idea,no idea,no idea,no idea,soother,no idea,no idea,no idea,change,no idea
13,64,0.65,700,700,10,stim/64_stim_obj13.tif,,,bench,no idea,bench,no idea,no idea,no idea,bench,bench,bench,bench,bench,bench
30,1,0.65,700,700,10,stim/1_stim_obj30.tif,,,vhs,vhs,vhs,vhs,vhs,vhs,vhs,vhs,vhs,vhs,vhs,vhs
79,1,0.65,700,700,10,stim/1_stim_obj79.tif,,,cone,cone,cone,cone,cone,cone,cone,cone,cone,cone,cone,cone
15,4,0.65,700,700,10,stim/4_stim_obj15.tif,,,speaker,speaker,speaker,speaker,speaker,speaker,speaker,speaker,speaker,speaker,speaker,speaker
49,16,0.65,700,700,10,stim/16_stim_obj49.tif,,,no idea,no idea,no idea,no idea,cooler,no idea,googles,no idea,leather desk chair,cooler,stool ,no idea
5,256,0.65,700,700,10,stim/256_stim_obj5.tif,,,no idea,floppy disk ,no idea,no idea,no idea,no idea,no idea,no idea,no idea,no idea,no idea,no idea
57,64,0.65,700,700,10,stim/64_stim_obj57.tif,,,no idea,no idea,vhs,no idea,no idea,no idea,floppy disk,no idea,floppy disk,vhs,no idea,floppy disk
9,16,0.65,700,700,10,stim/16_stim_obj9.tif,,,scale,scale,scale,scale,scale,scale,scale,scale,scale,scale,scale,scale
43,256,0.65,700,700,10,stim/256_stim_obj43.tif,,,no idea,no idea,no idea,no idea,no idea,no idea,no idea,no idea,no idea,no idea,no idea,no idea
20,256,0.65,700,700,10,stim/256_stim_obj20.tif,,,no idea,no idea,no idea,no idea,no idea,no idea,no idea,no idea,no idea,soother,no idea,no idea
57,4,0.65,700,700,10,stim/4_stim_obj57.tif,,,floppy disk,floppy disk,floppy disk,floppy disk,floppy disk ,floppy disk,floppy disk,no idea,floppy disk,floppy disk,floppy disk ,floppy disk
59,1,0.65,700,700,10,stim/1_stim_obj59.tif,,,presents,presents,presents,presents,presents,presents,presents,presents,presents,presents,presents,presents
68,256,0.65,700,700,10,stim/256_stim_obj68.tif,,,no idea,no idea,no idea,no idea,no idea,no idea,no idea,no idea,no idea,no idea,no idea,no idea
6,16,0.65,700,700,10,stim/16_stim_obj6.tif,,,battery,no idea,no idea,no idea,no idea,no idea,battery,no idea,no idea,no idea,no idea,no idea
61,16,0.65,700,700,10,stim/16_stim_obj61.tif,,,hat,no idea,hat,hat,hat,hat,hat,hat,hat,hat,hat,hat
43,1,0.65,700,700,10,stim/1_stim_obj43.tif,,,mirror,mirror,mirror,mirror,mirror,mirror,mirror,mirror,mirror,mirror,mirror,mirror
62,16,0.65,700,700,10,stim/16_stim_obj62.tif,,,shoe,no idea,no idea,shoe,no idea,shoe,shoe,shoe,shoe,no idea,shoe,no idea
49,256,0.65,700,700,10,stim/256_stim_obj49.tif,,,no idea,no idea,no idea,no idea,no idea,no idea,floppy disk,no idea,no idea,no idea,no idea,no idea
25,256,0.65,700,700,10,stim/256_stim_obj25.tif,,,no idea,no idea,no idea,no idea,no idea,no idea,no idea,no idea,no idea,no idea,no idea,no idea
36,256,0.65,700,700,10,stim/256_stim_obj36.tif,,,no idea,no idea,no idea,no idea,no idea,no idea,no idea,no idea,no idea,no idea,no idea,no idea
55,64,0.65,700,700,10,stim/64_stim_obj55.tif,,,feather,no idea,feather,no idea,feather,feather,feather,feather,feather,feather,feather,feather
63,256,0.65,700,700,10,stim/256_stim_obj63.tif,,,no idea,no idea,no idea,no idea,no idea,no idea,no idea,no idea,shoe,shoe,no idea,no idea
14,64,0.65,700,700,10,stim/64_stim_obj14.tif,,,no idea,no idea,no idea,no idea,floppy disk ,no idea,no idea,no idea,floppy disk,no idea,no idea,no idea
30,256,0.65,700,700,10,stim/256_stim_obj30.tif,,,no idea,no idea,no idea,no idea,no idea,no idea,vhs,no idea,no idea,no idea,no idea,no idea
12,1,0.65,700,700,10,stim/1_stim_obj12.tif,,,shoe,shoe,shoe,shoe,shoe,shoe,shoe,shoe,shoe ,shoe,shoe,shoe
44,64,0.65,700,700,10,stim/64_stim_obj44.tif,,,no idea,no idea,no idea,no idea,vhs,no idea,no idea,no idea,no idea,soother,no idea,no idea
38,4,0.65,700,700,10,stim/4_stim_obj38.tif,,,bucket,bucket,bucket,bucket,bucket,bucket,bucket,bucket,bucket,bucket,bucket,bucket
63,4,0.65,700,700,10,stim/4_stim_obj63.tif,,,shoe,shoe,shoe,shoe,shoe,shoe,shoe,shoe,shoe,shoe,shoe,shoe
1,4,0.65,700,700,10,stim/4_stim_obj1.tif,,,ac unit,ac unit,ac unit,ac unit,ac unit,ac unit,ac unit,ac unit,ac unit,ac unit,ac unit,ac unit
27,4,0.65,700,700,10,stim/4_stim_obj27.tif,,,train,train,train,train,train,train,train,train,train,train,train,train
23,16,0.65,700,700,10,stim/16_stim_obj23.tif,,,no idea,no idea,tent,tent,no idea,tent,tent,tent,tent,no idea,train,no idea
18,256,0.65,700,700,10,stim/256_stim_obj18.tif,,,no idea,no idea,no idea,no idea,no idea,no idea,no idea,no idea,no idea,no idea,no idea,no idea
43,4,0.65,700,700,10,stim/4_stim_obj43.tif,,,mirror,mirror,mirror,mirror,mirror,mirror,mirror,mirror,mirror,mirror,mirror,mirror
37,4,0.65,700,700,10,stim/4_stim_obj37.tif,,,box,no idea,box,no idea,box,box,box,box,box,box,box,box
62,4,0.65,700,700,10,stim/4_stim_obj62.tif,,,shoe,shoe,shoe,shoe,shoe,shoe,shoe,shoe,shoe,shoe,shoe,shoe
45,4,0.65,700,700,10,stim/4_stim_obj45.tif,,,box,no idea,no idea,no idea,box,box,clock,no idea,box,table ,box,box
9,256,0.65,700,700,10,stim/256_stim_obj9.tif,,,no idea,no idea,no idea,no idea,scale,no idea,scale,no idea,no idea,no idea,no idea,no idea
70,256,0.65,700,700,10,stim/256_stim_obj70.tif,,,no idea,no idea,no idea,no idea,no idea,no idea,clock,no idea,no idea,no idea,no idea,no idea
2,256,0.65,700,700,10,stim/256_stim_obj2.tif,,,no idea,no idea,flower,no idea,no idea,no idea,no idea,no idea,no idea,no idea,no idea,no idea
52,256,0.65,700,700,10,stim/256_stim_obj52.tif,,,no idea,no idea,no idea,no idea,no idea,no idea,no idea,no idea,no idea,soother,no idea,no idea
26,1,0.65,700,700,10,stim/1_stim_obj26.tif,,,bow tie,bow tie,bow tie,bow tie,bow tie,bow tie,bow tie,bow tie,bow tie,bow tie,bow tie,bow tie
68,16,0.65,700,700,10,stim/16_stim_obj68.tif,,,basketball net,basketball net,basketball net,basketball net,basketball net,basketball net,basketball net,basketball net,basketball net,basketball net,basketball net,basketball net
31,16,0.65,700,700,10,stim/16_stim_obj31.tif,,,presents,no idea,no idea,presents,flower,no idea,no idea,no idea,presents,shoe,no idea,no idea
54,4,0.65,700,700,10,stim/4_stim_obj54.tif,,,faucet,no idea,faucet,faucet,faucet,faucet,faucet,faucet,faucet,faucet,faucet,faucet
13,16,0.65,700,700,10,stim/16_stim_obj13.tif,,,bench,bench ,bench,bench,bench,bench,bench,bench,bench,bench,bench ,bench
44,1,0.65,700,700,10,stim/1_stim_obj44.tif,,,champagne,champagne,champagne,champagne,champagne,champagne,champagne,champagne,champagne,champagne,champagne,champagne
63,64,0.65,700,700,10,stim/64_stim_obj63.tif,,,no idea,no idea,no idea,no idea,shoe,shoe,shoe,shoe,shoe,shoe,no idea,shoe
73,16,0.65,700,700,10,stim/16_stim_obj73.tif,,,peanuts,no idea,no idea,peanuts,peanuts,no idea,peanuts,peanuts,peanuts,no idea,peanuts,no idea
42,16,0.65,700,700,10,stim/16_stim_obj42.tif,,,car,car,car,car,car,car,car,car,car,car,car,car
70,64,0.65,700,700,10,stim/64_stim_obj70.tif,,,clock,no idea,no idea,no idea,no idea,no idea,clock,no idea,shoe,no idea,clock,no idea
9,64,0.65,700,700,10,stim/64_stim_obj9.tif,,,scale,scale,scale,scale,scale,no idea,scale,scale,scale,scale,scale,scale
76,64,0.65,700,700,10,stim/64_stim_obj76.tif,,,no idea,no idea,no idea,no idea,shoe,no idea,no idea,basketball net,no idea,no idea,shoe,no idea
79,256,0.65,700,700,10,stim/256_stim_obj79.tif,,,no idea,no idea,no idea,no idea,no idea,no idea,no idea,no idea,no idea,no idea,no idea,no idea
26,16,0.65,700,700,10,stim/16_stim_obj26.tif,,,bow tie,bow tie,bow tie,bow tie,bow tie,bow tie,bow tie,bow tie,bow tie,bow tie,bow tie,bow tie
17,1,0.65,700,700,10,stim/1_stim_obj17.tif,,,basket,basket,basket,basket,basket,basket,basket,basket,basket,basket,basket,basket
15,16,0.65,700,700,10,stim/16_stim_obj15.tif,,,speaker,speaker,speaker,speaker,speaker,speaker,speaker,speaker,speaker,speaker,speaker,speaker
24,16,0.65,700,700,10,stim/16_stim_obj24.tif,,,twine,no idea,no idea,no idea,twine,twine,twine,candle,no idea,no idea,no idea,twine
74,4,0.65,700,700,10,stim/4_stim_obj74.tif,,,bottle,no idea,no idea,no idea,bottle,bottle,bottle,no idea,bottle,bottle,cone,bottle
40,4,0.65,700,700,10,stim/4_stim_obj40.tif,,,candelabra,candelabra,candelabra,candelabra,candelabra,candelabra,candelabra,candelabra,candelabra,candelabra,candelabra,candelabra
1,64,0.65,700,700,10,stim/64_stim_obj1.tif,,,ac unit,ac unit,ac unit,ac unit,ac unit,ac unit,ac unit,ac unit,ac unit,ac unit,ac unit,ac unit
19,1,0.65,700,700,10,stim/1_stim_obj19.tif,,,bag,bag,bag,bag,bag,bag,bag,bag,bag,bag,bag,bag
61,64,0.65,700,700,10,stim/64_stim_obj61.tif,,,hat,no idea,hat,hat,hat,hat,hat,hat,hat,hat,hat,hat
66,64,0.65,700,700,10,stim/64_stim_obj66.tif,,,no idea,no idea,no idea,no idea,no idea,no idea,shoe,no idea,no idea,no idea,no idea,no idea
1,16,0.65,700,700,10,stim/16_stim_obj1.tif,,,ac unit,ac unit,ac unit,ac unit,ac unit,ac unit,ac unit,ac unit,ac unit,ac unit,ac unit,ac unit
37,16,0.65,700,700,10,stim/16_stim_obj37.tif,,,box,no idea,box,no idea,box,box,box,box,box,box,ac unit,box
79,64,0.65,700,700,10,stim/64_stim_obj79.tif,,,cone,no idea,no idea,no idea,bucket,no idea,no idea,no idea,no idea,no idea,cone ,no idea
31,1,0.65,700,700,10,stim/1_stim_obj31.tif,,,gift box,gift box,gift box,gift box,gift box,gift box,gift box,gift box,gift box,gift box,gift box,gift box
29,16,0.65,700,700,10,stim/16_stim_obj29.tif,,,toque,no idea,no idea,toque,toque,toque,toque,toque,toque,no idea,toque,no idea
8,16,0.65,700,700,10,stim/16_stim_obj8.tif,,,belt,no idea,belt,no idea,no idea,belt,belt,belt,belt,no idea,belt ,belt
28,16,0.65,700,700,10,stim/16_stim_obj28.tif,,,tupperwear,no idea,tupperwear,tupperwear,no idea,tupperwear,tupperwear,no idea,tupperwear,tupperwear,tupperwear,tupperwear
49,1,0.65,700,700,10,stim/1_stim_obj49.tif,,,cooler,cooler,cooler,cooler,cooler,cooler,cooler,cooler,cooler,cooler,cooler,cooler
28,1,0.65,700,700,10,stim/1_stim_obj28.tif,,,tupperwear,tupperwear,tupperwear,tupperwear,tupperwear,tupperwear,tupperwear,tupperwear,tupperwear,tupperwear,tupperwear,tupperwear
56,256,0.65,700,700,10,stim/256_stim_obj56.tif,,,no idea,no idea,no idea,vhs,no idea,no idea,no idea,no idea,no idea,no idea,no idea,no idea
36,4,0.65,700,700,10,stim/4_stim_obj36.tif,,,watermelon,no idea,watermelon,watermelon,watermelon,watermelon,watermelon,watermelon,watermelon,watermelon,watermelon,watermelon
10,4,0.65,700,700,10,stim/4_stim_obj10.tif,,,shell,no idea,shell,no idea,shell,shell,shell,shell,shell,shell,shell,shell
24,4,0.65,700,700,10,stim/4_stim_obj24.tif,,,twine,no idea,no idea,no idea,twine,twine,twine,twine,no idea,twine,no idea,twine
75,64,0.65,700,700,10,stim/64_stim_obj75.tif,,,no idea,no idea,no idea,no idea,no idea,no idea,no idea,no idea,no idea,no idea,no idea,no idea
80,4,0.65,700,700,10,stim/4_stim_obj80.tif,,,boombox,boombox,boombox,boombox,boombox,boombox,boombox,boombox,boombox,boombox,boombox,boombox
14,1,0.65,700,700,10,stim/1_stim_obj14.tif,,,speaker,speaker,speaker,speaker,speaker,speaker,speaker,speaker,speaker,speaker,speaker,speaker
58,16,0.65,700,700,10,stim/16_stim_obj58.tif,,,stool,no idea,stool,stool,no idea,stool,stool,stool,stool,stool,stool ,stool 
42,4,0.65,700,700,10,stim/4_stim_obj42.tif,,,car,car,car,car,car,car,car,car,car,car,car,car
51,1,0.65,700,700,10,stim/1_stim_obj51.tif,,,desk,desk ,desk,desk,desk,desk,desk,desk,desk,desk,desk,desk
57,1,0.65,700,700,10,stim/1_stim_obj57.tif,,,floppy disk,floppy disk,floppy disk,floppy disk,floppy disk ,floppy disk,floppy disk,floppy disk,floppy disk,floppy disk,floppy disk ,floppy disk
17,16,0.65,700,700,10,stim/16_stim_obj17.tif,,,basket,basket,basket,basket,basket,basket,basket,basket,basket,basket,basket,basket
18,64,0.65,700,700,10,stim/64_stim_obj18.tif,,,no idea,no idea,flower,no idea,no idea,no idea,peanuts,peanuts,shell,no idea,no idea,no idea
40,1,0.65,700,700,10,stim/1_stim_obj40.tif,,,candelabra,candelabra,candelabra,candelabra,candelabra,candelabra,candelabra,candelabra,candelabra,candelabra,candelabra,candelabra
16,16,0.65,700,700,10,stim/16_stim_obj16.tif,,,kids toy,no idea,kids toy,no idea,no idea,kids toy,no idea,kids toy,kids toy,kids toy,kids toy,kids toy
29,64,0.65,700,700,10,stim/64_stim_obj29.tif,,,toque,no idea,toque,toque,toque,toque,toque,toque,toque,toque,toque,toque
27,256,0.65,700,700,10,stim/256_stim_obj27.tif,,,no idea,no idea,no idea,no idea,no idea,no idea,shoe,no idea,shoe,no idea,no idea,no idea
29,1,0.65,700,700,10,stim/1_stim_obj29.tif,,,toque,toque,toque,toque,toque,toque,toque,toque,toque,toque,toque,toque
25,1,0.65,700,700,10,stim/1_stim_obj25.tif,,,kleenex,kleenex,kleenex,kleenex,kleenex,kleenex,kleenex,kleenex,kleenex,kleenex,kleenex,kleenex
59,256,0.65,700,700,10,stim/256_stim_obj59.tif,,,no idea,no idea,no idea,no idea,no idea,no idea,no idea,no idea,no idea,no idea,no idea,no idea
39,256,0.65,700,700,10,stim/256_stim_obj39.tif,,,no idea,no idea,flower,no idea,no idea,no idea,no idea,no idea,no idea,no idea,no idea,no idea
38,1,0.65,700,700,10,stim/1_stim_obj38.tif,,,bucket,bucket,bucket,bucket,bucket,bucket,bucket,bucket,bucket,bucket, bucket,bucket
41,16,0.65,700,700,10,stim/16_stim_obj41.tif,,,shell,no idea,candle,no idea,no idea,no idea,no idea,candle,no idea,no idea,no idea,no idea
51,64,0.65,700,700,10,stim/64_stim_obj51.tif,,,desk,no idea,desk,no idea,desk,no idea,desk,no idea,desk,desk,floppy disk ,desk
17,64,0.65,700,700,10,stim/64_stim_obj17.tif,,,basket,basket,basket,basket,basket,basket,basket,basket,basket,basket,basket,basket
53,1,0.65,700,700,10,stim/1_stim_obj53.tif,,,cables,cables,cables,cables,cables,cables,cables,cables,cables,cables,cables,cables
32,16,0.65,700,700,10,stim/16_stim_obj32.tif,,,vhs,vhs,vhs,vhs,vhs,vhs,vhs,vhs,vhs,vhs,vhs,vhs
62,64,0.65,700,700,10,stim/64_stim_obj62.tif,,,no idea,no idea,no idea,no idea,no idea,shoe,no idea,shoe,shoe,no idea,shoe,no idea
61,1,0.65,700,700,10,stim/1_stim_obj61.tif,,,hat,hat,hat,hat,hat,hat,hat,hat,hat,hat,hat,hat
47,64,0.65,700,700,10,stim/64_stim_obj47.tif,,,coffee beans,no idea,flower,coffee beans,coffee beans,no idea,coffee beans,no idea,no idea,no idea,coffee beans,coffee beans
76,256,0.65,700,700,10,stim/256_stim_obj76.tif,,,no idea,no idea,flower,no idea,no idea,no idea,no idea,no idea,no idea,no idea,no idea,no idea
58,64,0.65,700,700,10,stim/64_stim_obj58.tif,,,desk ,no idea,cables,no idea,no idea,stool ,bench,desk,stool ,no idea,bucket,no idea
16,4,0.65,700,700,10,stim/4_stim_obj16.tif,,,kids toy,no idea,kids toy,no idea,kids toy,kids toy,kids toy,kids toy,kids toy,kids toy,kids toy,kids toy
67,64,0.65,700,700,10,stim/64_stim_obj67.tif,,,lemon,no idea,no idea,no idea,no idea,no idea,lemon,no idea,lemon,no idea,no idea,lemon
55,256,0.65,700,700,10,stim/256_stim_obj55.tif,,,no idea,no idea,no idea,no idea,no idea,no idea,no idea,no idea,no idea,no idea,no idea,no idea
73,4,0.65,700,700,10,stim/4_stim_obj73.tif,,,peanuts,peanuts,peanuts,peanuts,peanuts,peanuts,peanuts,peanuts,peanuts,peanuts,peanuts,peanuts
78,4,0.65,700,700,10,stim/4_stim_obj78.tif,,,printer,printer,printer,printer,printer,printer,printer,printer,printer,printer,printer,printer
55,1,0.65,700,700,10,stim/1_stim_obj55.tif,,,feather,feather,feather,feather,feather,feather,feather,feather,feather,feather,feather,feather
49,64,0.65,700,700,10,stim/64_stim_obj49.tif,,,no idea,no idea,no idea,no idea,cooler,no idea,cooler,cooler,cooler,no idea,no idea,no idea
20,1,0.65,700,700,10,stim/1_stim_obj20.tif,,,sunglasses,sunglasses,sunglasses,sunglasses,sunglasses,sunglasses,sunglasses,sunglasses,sunglasses,sunglasses,sunglasses,sunglasses
45,1,0.65,700,700,10,stim/1_stim_obj45.tif,,,box,box,box,no idea,box,box,box,box,box,box,box,box
76,4,0.65,700,700,10,stim/4_stim_obj76.tif,,,flower pot,flower pot,flower pot,flower pot,flower pot,flower pot,flower pot,flower pot,flower pot,flower pot,flower pot,flower pot
22,256,0.65,700,700,10,stim/256_stim_obj22.tif,,,no idea,no idea,no idea,no idea,no idea,no idea,no idea,no idea,cooler,no idea,no idea,no idea
2,4,0.65,700,700,10,stim/4_stim_obj2.tif,,,flower,flower,flower,flower,flower,flower,flower,flower,flower,flower,flower,flower
21,4,0.65,700,700,10,stim/4_stim_obj21.tif,,,table,table ,table,table,table,table,table,table,table,table ,table,table
11,256,0.65,700,700,10,stim/256_stim_obj11.tif,,,no idea,no idea,no idea,no idea,no idea,no idea,no idea,no idea,kids toy,no idea,no idea,no idea
65,256,0.65,700,700,10,stim/256_stim_obj65.tif,,,no idea,no idea,no idea,no idea,peanuts,no idea,box,peanuts,peanuts,no idea,no idea,no idea
32,1,0.65,700,700,10,stim/1_stim_obj32.tif,,,vhs,vhs,vhs,vhs,vhs,vhs,vhs,vhs,vhs,vhs,vhs,vhs
48,1,0.65,700,700,10,stim/1_stim_obj48.tif,,,change,change,change,change,change,change,change,change,change,change,change,change
27,16,0.65,700,700,10,stim/16_stim_obj27.tif,,,train,train,train,train,train,train,train,train,train,train,train ,train
26,64,0.65,700,700,10,stim/64_stim_obj26.tif,,,bow tie,no idea,no idea,no idea,hat,bow tie,no idea,no idea,no idea,hat,hat,no idea
52,1,0.65,700,700,10,stim/1_stim_obj52.tif,,,cd holder,cd holder,cd holder,cd holder,cd holder,cd holder,cd holder,cd holder,cd holder,cd holder,cd holder,cd holder
75,4,0.65,700,700,10,stim/4_stim_obj75.tif,,,pinecone,pinecone,pinecone,pinecone,pinecone,pinecone,pinecone,pinecone,pinecone,pinecone,pinecone,pinecone
10,16,0.65,700,700,10,stim/16_stim_obj10.tif,,,shell,no idea,shell,shell,shell,shell,shell,shell,shell,shell,shell ,shell
11,64,0.65,700,700,10,stim/64_stim_obj11.tif,,,no idea,no idea,no idea,no idea,no idea,no idea,no idea,no idea,no idea,no idea,no idea,no idea
15,64,0.65,700,700,10,stim/64_stim_obj15.tif,,,speaker,speaker,speaker,no idea,speaker,no idea,no idea,speaker,speaker,no idea,speaker,speaker
69,4,0.65,700,700,10,stim/4_stim_obj69.tif,,,leather desk chair,leather desk chair,leather desk chair,leather desk chair,leather desk chair,leather desk chair,leather desk chair,leather desk chair,leather desk chair,leather desk chair,leather desk chair,leather desk chair
69,1,0.65,700,700,10,stim/1_stim_obj69.tif,,,leather desk chair,leather desk chair,leather desk chair,leather desk chair,leather desk chair,leather desk chair,leather desk chair,leather desk chair,leather desk chair,leather desk chair,leather desk chair,leather desk chair
56,16,0.65,700,700,10,stim/16_stim_obj56.tif,,,no idea,no idea,no idea,no idea,no idea,no idea,no idea,no idea,no idea,no idea,no idea,no idea
4,4,0.65,700,700,10,stim/4_stim_obj4.tif,,,bag,bag,bag,bag,bag,bag,bag,bag,bag,bag,bag,bag
75,1,0.65,700,700,10,stim/1_stim_obj75.tif,,,pinecone,pinecone,pinecone,pinecone,pinecone,pinecone,pinecone,pinecone,pinecone,pinecone,pinecone,pinecone
37,1,0.65,700,700,10,stim/1_stim_obj37.tif,,,box,box,box,box,box,box,box,box,box,box,box,box
75,16,0.65,700,700,10,stim/16_stim_obj75.tif,,,pinecone,pinecone,pinecone,pinecone,pinecone,pinecone,pinecone,pinecone,pinecone,pinecone,pinecone,pinecone
23,1,0.65,700,700,10,stim/1_stim_obj23.tif,,,tent,tent,tent,tent,tent,tent,tent,tent,tent,tent,tent,tent
56,64,0.65,700,700,10,stim/64_stim_obj56.tif,,,no idea,no idea,no idea,no idea,table,no idea,flipflop,no idea,no idea,no idea,no idea,no idea
66,4,0.65,700,700,10,stim/4_stim_obj66.tif,,,tractor,tractor,tractor,tractor,tractor,tractor,tractor,tractor,tractor,tractor,tractor,tractor
65,1,0.65,700,700,10,stim/1_stim_obj65.tif,,,jeans,jeans,jeans,jeans,jeans,jeans,jeans,jeans,jeans,jeans,jeans,jeans
9,1,0.65,700,700,10,stim/1_stim_obj9.tif,,,scale,scale,scale,scale,scale,scale,scale,scale,scale,scale,scale,scale
5,16,0.65,700,700,10,stim/16_stim_obj5.tif,,,barrel,barrel ,no idea,no idea,barrel,barrel,barrel,barrel,barrel,barrel,barrel,barrel
6,256,0.65,700,700,10,stim/256_stim_obj6.tif,,,no idea,no idea,no idea,no idea,no idea,no idea,no idea,no idea,no idea,no idea,no idea,no idea
15,256,0.65,700,700,10,stim/256_stim_obj15.tif,,,no idea,no idea,no idea,no idea,no idea,no idea,no idea,no idea,no idea,no idea,no idea,no idea
48,16,0.65,700,700,10,stim/16_stim_obj48.tif,,,change,change,change,change,change,change,change,change,change,change,change,change
30,4,0.65,700,700,10,stim/4_stim_obj30.tif,,,vhs,vhs,vhs,vhs,vhs,vhs,vhs,vhs,vhs,vhs,vhs,vhs
5,64,0.65,700,700,10,stim/64_stim_obj5.tif,,,no idea,no idea,no idea,no idea,no idea,barrel,barrel,barrel,barrel,no idea,no idea,barrel
25,16,0.65,700,700,10,stim/16_stim_obj25.tif,,,kleenex,kleenex,kleenex,kleenex,kleenex,kleenex,kleenex,kleenex,kleenex,kleenex,kleenex,kleenex
2,64,0.65,700,700,10,stim/64_stim_obj2.tif,,,flower,flower,flower,flower,flower,flower,flower,no idea,flower,flower,flower,flower
6,1,0.65,700,700,10,stim/1_stim_obj6.tif,,,battery,no idea,battery,no idea,battery,battery,battery,battery,battery,battery,battery,battery
3,64,0.65,700,700,10,stim/64_stim_obj3.tif,,,no idea,no idea,no idea,no idea,no idea,no idea,cables,cables,no idea,no idea,shoe,no idea
1,1,0.65,700,700,10,stim/1_stim_obj1.tif,,,ac unit,ac unit,ac unit,ac unit,ac unit,ac unit,ac unit,ac unit,ac unit,ac unit,ac unit,ac unit
14,4,0.65,700,700,10,stim/4_stim_obj14.tif,,,speaker,speaker,speaker,speaker,speaker,speaker,speaker,speaker,speaker,speaker,speaker,speaker
71,16,0.65,700,700,10,stim/16_stim_obj71.tif,,,outlet,outlet,outlet,outlet,outlet,outlet,outlet,outlet,outlet,outlet,outlet,outlet
78,256,0.65,700,700,10,stim/256_stim_obj78.tif,,,no idea,no idea,no idea,no idea,no idea,no idea,no idea,no idea,no idea,no idea,no idea,no idea
44,16,0.65,700,700,10,stim/16_stim_obj44.tif,,,no idea,no idea,no idea,no idea,no idea,champagne,no idea,no idea,champagne,no idea,pinecone,no idea
68,1,0.65,700,700,10,stim/1_stim_obj68.tif,,,basketball net,basketball net,basketball net,basketball net,basketball net,basketball net,basketball net,basketball net,basketball net,basketball net,basketball net,basketball net
66,16,0.65,700,700,10,stim/16_stim_obj66.tif,,,tractor,tractor,tractor,tractor,tractor,tractor,tractor,tractor,tractor,tractor,tractor,tractor
19,64,0.65,700,700,10,stim/64_stim_obj19.tif,,,no idea,no idea,tractor,no idea,no idea,no idea,leather desk chair,no idea,bag,no idea,tractor,leather desk chair
20,64,0.65,700,700,10,stim/64_stim_obj20.tif,,,no idea,no idea,no idea,no idea,no idea,no idea,sunglasses,no idea,no idea,no idea,shoe,no idea
11,16,0.65,700,700,10,stim/16_stim_obj11.tif,,,faucet,no idea,no idea,no idea,no idea,googles,googles,no idea,no idea,no idea,faucet,googles
79,4,0.65,700,700,10,stim/4_stim_obj79.tif,,,cone,cone,cone,cone,cone,cone,cone,cone,cone,cone,cone ,cone
35,16,0.65,700,700,10,stim/16_stim_obj35.tif,,,watch,watch ,watch,watch,watch,watch,watch,watch,watch,watch,watch,watch
52,16,0.65,700,700,10,stim/16_stim_obj52.tif,,,no idea,no idea,cd holder,no idea,cd holder,no idea,mirror,no idea,basketball net,cd holder,cd holder,no idea
13,256,0.65,700,700,10,stim/256_stim_obj13.tif,,,no idea,no idea,no idea,no idea,no idea,no idea,no idea,no idea,no idea,no idea,no idea,no idea
34,256,0.65,700,700,10,stim/256_stim_obj34.tif,,,no idea,no idea,floppy disk,no idea,no idea,no idea,outlet,no idea,no idea,no idea,no idea,no idea
45,64,0.65,700,700,10,stim/64_stim_obj45.tif,,,box,no idea,box,no idea,box,no idea,no idea,box,no idea,box,no idea,no idea
5,4,0.65,700,700,10,stim/4_stim_obj5.tif,,,barrel,barrel ,barrel,barrel,barrel,barrel,barrel,barrel,barrel,barrel,barrel,barrel
57,16,0.65,700,700,10,stim/16_stim_obj57.tif,,,floppy disk,floppy disk,floppy disk,floppy disk,floppy disk ,floppy disk,floppy disk,floppy disk,floppy disk,floppy disk,floppy disk ,floppy disk
64,4,0.65,700,700,10,stim/4_stim_obj64.tif,,,jar,no idea,no idea,jar,jar,jar,jar,jar,jar,jar,jar,jar
67,1,0.65,700,700,10,stim/1_stim_obj67.tif,,,lemon,lemon,lemon,lemon,lemon,lemon,lemon,lemon,lemon,lemon,lemon,lemon
39,16,0.65,700,700,10,stim/16_stim_obj39.tif,,,button,no idea,button,no idea,button,button,button,button,button,no idea,button,button
77,1,0.65,700,700,10,stim/1_stim_obj77.tif,,,mailbox,mailbox,mailbox,mailbox,mailbox,mailbox,mailbox,mailbox,mailbox,mailbox,mailbox,mailbox
53,64,0.65,700,700,10,stim/64_stim_obj53.tif,,,cables,cables,cables,cables,cables,cables,cables,cables,cables,cables,cables,cables
2,1,0.65,700,700,10,stim/1_stim_obj2.tif,,,flower,flower,flower,flower,flower,flower,flower,flower,flower,flower,flower,flower
23,256,0.65,700,700,10,stim/256_stim_obj23.tif,,,no idea,no idea,flower,no idea,no idea,no idea,flower,no idea,no idea,no idea,no idea,no idea
33,1,0.65,700,700,10,stim/1_stim_obj33.tif,,,volleyball,volleyball,volleyball,volleyball,volleyball,volleyball,volleyball,volleyball,volleyball,volleyball,volleyball,volleyball
41,256,0.65,700,700,10,stim/256_stim_obj41.tif,,,no idea,no idea,no idea,no idea,no idea,no idea,no idea,no idea,no idea,no idea,no idea,no idea
39,1,0.65,700,700,10,stim/1_stim_obj39.tif,,,button,button ,button,button,button,button,button,button,button,button,button ,button
34,64,0.65,700,700,10,stim/64_stim_obj34.tif,,,no idea,no idea,floppy disk,no idea,no idea,no idea,outlet,floppy disk,battery,no idea,floppy disk ,floppy disk
59,64,0.65,700,700,10,stim/64_stim_obj59.tif,,,no idea,no idea,no idea,presents,no idea,presents,presents,no idea,no idea,no idea,no idea,no idea
46,64,0.65,700,700,10,stim/64_stim_obj46.tif,,,clock,no idea,clock,scale,no idea,clock,clock,no idea,no idea,no idea,no idea,scale
23,64,0.65,700,700,10,stim/64_stim_obj23.tif,,,no idea,no idea,no idea,tent,flower,no idea,no idea,tent,no idea,no idea,no idea,no idea
34,4,0.65,700,700,10,stim/4_stim_obj34.tif,,,washing machine,washing machine,washing machine,washing machine,washing machine,washing machine,washing machine,washing machine,washing machine,washing machine,washing machine,washing machine
57,256,0.65,700,700,10,stim/256_stim_obj57.tif,,,no idea,no idea,floppy disk,no idea,floppy disk ,floppy disk,floppy disk,floppy disk,floppy disk,floppy disk,no idea,floppy disk
18,1,0.65,700,700,10,stim/1_stim_obj18.tif,,,teddy bear,teddy bear,teddy bear,teddy bear,teddy bear,teddy bear,teddy bear,teddy bear,teddy bear,teddy bear,teddy bear,teddy bear
16,256,0.65,700,700,10,stim/256_stim_obj16.tif,,,no idea,no idea,no idea,no idea,no idea,no idea,kids toy,kids toy,no idea,no idea,no idea ,no idea
22,1,0.65,700,700,10,stim/1_stim_obj22.tif,,,tape,tape,tape,tape,tape,tape,tape,tape,tape,tape,tape,tape
52,4,0.65,700,700,10,stim/4_stim_obj52.tif,,,cd holder,cd holder,cd holder,cd holder,cd holder,cd holder,cd holder,cd holder,cd holder,cd holder,cd holder,cd holder
29,256,0.65,700,700,10,stim/256_stim_obj29.tif,,,no idea,no idea,toque,toque,toque,toque,toque,toque,toque,toque,toque,toque
27,64,0.65,700,700,10,stim/64_stim_obj27.tif,,,train,train ,train,train,train,train,train,train,train,no idea,train,train
44,4,0.65,700,700,10,stim/4_stim_obj44.tif,,,champagne,champagne,champagne,champagne,champagne,champagne,champagne,champagne,champagne,champagne,champagne,champagne
46,16,0.65,700,700,10,stim/16_stim_obj46.tif,,,clock,clock ,clock,no idea,clock,clock,clock,clock,clock,clock,clock,clock
72,256,0.65,700,700,10,stim/256_stim_obj72.tif,,,no idea,no idea,no idea,no idea,no idea,no idea,no idea,no idea,no idea,no idea,no idea,no idea
7,256,0.65,700,700,10,stim/256_stim_obj7.tif,,,birds nest,no idea,birds nest,birds nest,birds nest,birds nest,birds nest,birds nest,birds nest,peanuts,birds nest,no idea
7,1,0.65,700,700,10,stim/1_stim_obj7.tif,,,birds nest,birds nest,birds nest,birds nest,birds nest,birds nest,birds nest,birds nest,birds nest,birds nest,birds nest,birds nest
38,256,0.65,700,700,10,stim/256_stim_obj38.tif,,,no idea,no idea,no idea,no idea,floppy disk ,no idea,no idea,no idea,button,no idea,no idea,no idea
8,1,0.65,700,700,10,stim/1_stim_obj8.tif,,,belt,belt ,belt,belt,belt,belt,belt,belt,belt,belt,belt ,belt
39,64,0.65,700,700,10,stim/64_stim_obj39.tif,,,button,button,button,button,button,button,button,button,button,button,button ,button
31,64,0.65,700,700,10,stim/64_stim_obj31.tif,,,no idea,no idea,no idea,no idea,no idea,no idea,no idea,kleenex,kleenex,no idea,flower,no idea
70,16,0.65,700,700,10,stim/16_stim_obj70.tif,,,clock,no idea,clock,clock,no idea,clock,no idea,clock,no idea,no idea,no idea,clock
67,256,0.65,700,700,10,stim/256_stim_obj67.tif,,,lemon,no idea,no idea,no idea,no idea,no idea,lemon,no idea,no idea,no idea,no idea,lemon
10,1,0.65,700,700,10,stim/1_stim_obj10.tif,,,shell,shell ,shell,shell,shell,shell,shell,shell,shell,shell,shell ,shell
80,16,0.65,700,700,10,stim/16_stim_obj80.tif,,,boombox,boombox,boombox,no idea,no idea,boombox,boombox,no idea,boombox,boombox,stool ,no idea
12,64,0.65,700,700,10,stim/64_stim_obj12.tif,,,shoe,shoe,shoe,no idea,no idea,shoe,shoe,shoe,shoe,shoe,shoe,shoe
77,64,0.65,700,700,10,stim/64_stim_obj77.tif,,,no idea,mailbox,mailbox,mailbox,mailbox,no idea,mailbox,mailbox,mailbox,mailbox,no idea,mailbox
31,4,0.65,700,700,10,stim/4_stim_obj31.tif,,,kleenex,kleenex,kleenex,kleenex,kleenex,kleenex,kleenex,kleenex,kleenex,kleenex,stool ,kleenex
78,16,0.65,700,700,10,stim/16_stim_obj78.tif,,,no idea,printer,printer,no idea,no idea,printer,printer,printer,printer,printer,printer,no idea
41,4,0.65,700,700,10,stim/4_stim_obj41.tif,,,candle,no idea,no idea,no idea,no idea,button,candle,candle,no idea,candle,no idea,candle
69,256,0.65,700,700,10,stim/256_stim_obj69.tif,,,no idea,no idea,no idea,no idea,no idea,no idea,no idea,no idea,no idea,no idea,no idea,no idea
60,16,0.65,700,700,10,stim/16_stim_obj60.tif,,,no idea,no idea,no idea,no idea,no idea,no idea,no idea,no idea,no idea,no idea,no idea,no idea
50,256,0.65,700,700,10,stim/256_stim_obj50.tif,,,no idea,no idea,no idea,no idea,no idea,no idea,no idea,birds nest,shell,peanuts,no idea,no idea
79,16,0.65,700,700,10,stim/16_stim_obj79.tif,,,cone,cone,cone,cone,cone,cone,cone,cone,cone,cone,cone,cone
18,16,0.65,700,700,10,stim/16_stim_obj18.tif,,,teddy bear,teddy bear,teddy bear,teddy bear,teddy bear,teddy bear,no idea,teddy bear,no idea,no idea,shell ,teddy bear
58,1,0.65,700,700,10,stim/1_stim_obj58.tif,,,stool,stool ,stool,stool,stool ,stool ,stool ,stool,stool ,stool,stool ,stool 
31,256,0.65,700,700,10,stim/256_stim_obj31.tif,,,no idea,no idea,no idea,no idea,no idea,no idea,no idea,no idea,no idea,no idea,no idea,no idea
7,64,0.65,700,700,10,stim/64_stim_obj7.tif,,,birds nest,birds nest,birds nest,birds nest,birds nest,birds nest,birds nest,birds nest,birds nest,birds nest,birds nest,birds nest
72,4,0.65,700,700,10,stim/4_stim_obj72.tif,,,soother,soother,soother,soother,soother,soother,soother,soother,soother,soother,soother,soother
56,4,0.65,700,700,10,stim/4_stim_obj56.tif,,,flipflop,flipflop,flipflop,flipflop,flipflop,flipflop,flipflop,flipflop,flipflop,flipflop,flipflop,flipflop
47,1,0.65,700,700,10,stim/1_stim_obj47.tif,,,coffee beans,coffee beans,coffee beans,coffee beans,coffee beans,coffee beans,coffee beans,coffee beans,coffee beans,coffee beans,coffee beans,coffee beans
64,64,0.65,700,700,10,stim/64_stim_obj64.tif,,,no idea,no idea,no idea,no idea,no idea,no idea,soother,jar,no idea,no idea,no idea,no idea
68,4,0.65,700,700,10,stim/4_stim_obj68.tif,,,basketball net,basketball net,basketball net,basketball net,basketball net,basketball net,basketball net,basketball net,basketball net,basketball net,basketball net,basketball net
22,16,0.65,700,700,10,stim/16_stim_obj22.tif,,,tape,tape,tape,tape,no idea,tape,tape,tape,tape,no idea,tape,tape
46,1,0.65,700,700,10,stim/1_stim_obj46.tif,,,clock,clock ,clock,clock,clock ,clock,clock,clock,clock,clock,clock ,clock
35,64,0.65,700,700,10,stim/64_stim_obj35.tif,,,watch,watch ,watch,watch,watch,watch,watch,watch,watch,watch,watch,watch
60,1,0.65,700,700,10,stim/1_stim_obj60.tif,,,hard hat,hard hat,hard hat,hard hat,hard hat,hard hat,hard hat,hard hat,hard hat,hard hat,hard hat,hard hat
9,4,0.65,700,700,10,stim/4_stim_obj9.tif,,,scale,scale,scale,scale,scale,scale,scale,scale,scale,scale,scale,scale
53,256,0.65,700,700,10,stim/256_stim_obj53.tif,,,no idea,no idea,cables,no idea,coffee beans,coffee beans,cables,coffee beans,coffee beans,coffee beans,flower,no idea
28,64,0.65,700,700,10,stim/64_stim_obj28.tif,,,tupperwear,no idea,tupperwear,no idea,no idea,tupperwear,tupperwear,scale,tupperwear,tupperwear,scale,tupperwear
59,4,0.65,700,700,10,stim/4_stim_obj59.tif,,,presents,presents,presents,presents,presents,presents,presents,presents,presents,presents,presents,presents
44,256,0.65,700,700,10,stim/256_stim_obj44.tif,,,no idea,no idea,no idea,no idea,no idea,no idea,no idea,no idea,no idea,no idea,no idea,no idea
77,4,0.65,700,700,10,stim/4_stim_obj77.tif,,,mailbox,mailbox,mailbox,mailbox,mailbox,mailbox,mailbox,mailbox,mailbox,mailbox,mailbox,mailbox
63,1,0.65,700,700,10,stim/1_stim_obj63.tif,,,shoe,shoe,shoe,shoe,shoe,shoe,shoe,shoe,shoe,shoe,shoe,shoe
3,16,0.65,700,700,10,stim/16_stim_obj3.tif,,,no idea,no idea,no idea,no idea,no idea,no idea,no idea,tv router,no idea,no idea,scale,no idea
14,256,0.65,700,700,10,stim/256_stim_obj14.tif,,,no idea,no idea,speaker,no idea,no idea,no idea,no idea,speaker,shoe,no idea,no idea,speaker
40,16,0.65,700,700,10,stim/16_stim_obj40.tif,,,candelabra,candelabra,candelabra,candelabra,candelabra,candelabra,candelabra,candelabra,candelabra,candelabra,candelabra,candelabra
48,4,0.65,700,700,10,stim/4_stim_obj48.tif,,,change,change,change,change,change,change,change,change,change,change,change,change
49,4,0.65,700,700,10,stim/4_stim_obj49.tif,,,cooler,cooler,cooler,cooler,cooler,cooler,cooler,cooler,cooler,cooler,cooler,cooler
76,16,0.65,700,700,10,stim/16_stim_obj76.tif,,,flower pot,flower pot,flower pot,flower pot,flower pot,flower pot,flower pot,flower pot,flower pot,flower pot,flower pot,flower pot
7,4,0.65,700,700,10,stim/4_stim_obj7.tif,,,birds nest,birds nest,birds nest,birds nest,birds nest,birds nest,birds nest,birds nest,birds nest,birds nest,birds nest,birds nest
3,1,0.65,700,700,10,stim/1_stim_obj3.tif,,,tv router,tv router,tv router,tv router,tv router,tv router,tv router,tv router,tv router,tv router,tv router,tv router
60,4,0.65,700,700,10,stim/4_stim_obj60.tif,,,hard hat,hard hat,hard hat,hard hat,hard hat,hard hat,hard hat,hard hat,hard hat,hard hat,hard hat,hard hat
27,1,0.65,700,700,10,stim/1_stim_obj27.tif,,,train,train,train,train,train,train,train,train,train,train,train ,train
53,16,0.65,700,700,10,stim/16_stim_obj53.tif,,,cables,cables,cables,cables,cables,cables,cables,cables,cables,cables,cables,cables
51,16,0.65,700,700,10,stim/16_stim_obj51.tif,,,desk,table ,desk,desk,desk,desk,desk,desk,desk,desk,desk ,desk 
28,256,0.65,700,700,10,stim/256_stim_obj28.tif,,,no idea,no idea,cables,no idea,no idea,tupperwear,tupperwear,no idea,no idea,tupperwear,flower,no idea
19,4,0.65,700,700,10,stim/4_stim_obj19.tif,,,bag,bag,bag,bag,bag,bag,bag,bag,bag,bag,bag,bag
51,256,0.65,700,700,10,stim/256_stim_obj51.tif,,,no idea,no idea,no idea,desk,no idea,no idea,desk,cooler,desk,no idea,no idea,no idea
54,64,0.65,700,700,10,stim/64_stim_obj54.tif,,,no idea,no idea,no idea,faucet,coffee beans,no idea,no idea,no idea,googles,no idea,coffee beans,no idea
17,4,0.65,700,700,10,stim/4_stim_obj17.tif,,,basket,basket,basket,basket,basket,basket,basket,basket,basket,basket,basket,basket
6,64,0.65,700,700,10,stim/64_stim_obj6.tif,,,no idea,no idea,battery,no idea,no idea,no idea,battery,no idea,no idea,no idea,shoe,no idea
40,256,0.65,700,700,10,stim/256_stim_obj40.tif,,,candelabra,no idea,candelabra,candelabra,candelabra,candelabra,candelabra,candelabra,candelabra,candelabra,no idea,candelabra
8,4,0.65,700,700,10,stim/4_stim_obj8.tif,,,belt,belt ,belt,belt,belt,belt,belt,belt,belt,belt,belt ,belt
60,64,0.65,700,700,10,stim/64_stim_obj60.tif,,,no idea,no idea,hard hat,soother,no idea,no idea,hard hat,no idea,hard hat,no idea,cone,hard hat
58,256,0.65,700,700,10,stim/256_stim_obj58.tif,,,no idea,no idea,no idea,no idea,flower,no idea,no idea,no idea,no idea,coffee beans,no idea,no idea
23,4,0.65,700,700,10,stim/4_stim_obj23.tif,,,tent,tent,tent,tent,tent,tent,tent,tent,tent,tent,tent ,tent
14,16,0.65,700,700,10,stim/16_stim_obj14.tif,,,speaker,speaker,speaker,speaker,speaker,speaker,speaker,speaker,speaker,speaker,no idea,speaker
1,256,0.65,700,700,10,stim/256_stim_obj1.tif,,,ac unit,ac unit,ac unit,no idea,ac unit,ac unit,ac unit,ac unit,ac unit,ac unit,ac unit,ac unit
46,4,0.65,700,700,10,stim/4_stim_obj46.tif,,,clock,clock ,clock,clock,clock,clock,clock,clock,clock,clock,clock ,clock
77,16,0.65,700,700,10,stim/16_stim_obj77.tif,,,mailbox,mailbox,mailbox,mailbox,mailbox,mailbox,mailbox,mailbox,mailbox,mailbox,mailbox,mailbox
71,256,0.65,700,700,10,stim/256_stim_obj71.tif,,,outlet,outlet,no idea,no idea,no idea,no idea,outlet,no idea,outlet,outlet,no idea,no idea
64,1,0.65,700,700,10,stim/1_stim_obj64.tif,,,jar,jar,jar,jar,jar,jar,jar,jar,jar,jar,jar,jar
70,4,0.65,700,700,10,stim/4_stim_obj70.tif,,,clock,clock,clock,clock,clock,clock,clock,clock,clock,clock,clock ,clock
52,64,0.65,700,700,10,stim/64_stim_obj52.tif,,,no idea,kids toy,no idea,no idea,no idea,no idea,no idea,kids toy,kids toy,no idea,shoe,no idea
22,4,0.65,700,700,10,stim/4_stim_obj22.tif,,,tape,tape,tape,tape,tape,tape,tape,tape,tape,tape,tape,tape
40,64,0.65,700,700,10,stim/64_stim_obj40.tif,,,candelabra,candelabra,candelabra,candelabra,candelabra,candelabra,candelabra,candelabra,candelabra,candelabra,candelabra,candelabra
8,64,0.65,700,700,10,stim/64_stim_obj8.tif,,,belt,belt ,belt,belt,belt,belt,belt,belt,belt,belt,belt ,belt
50,1,0.65,700,700,10,stim/1_stim_obj50.tif,,,couch,couch,couch,couch,couch,couch,couch,couch,couch,couch,couch,couch
12,4,0.65,700,700,10,stim/4_stim_obj12.tif,,,shoe,shoe,shoe,shoe,shoe,shoe,shoe,shoe,shoe,shoe,shoe,shoe
46,256,0.65,700,700,10,stim/256_stim_obj46.tif,,,no idea,no idea,no idea,no idea,no idea,no idea,clock,no idea,no idea,no idea,no idea,no idea
21,256,0.65,700,700,10,stim/256_stim_obj21.tif,,,no idea,no idea,no idea,no idea,no idea,no idea,table,no idea,couch,couch,no idea,table
73,64,0.65,700,700,10,stim/64_stim_obj73.tif,,,peanuts,no idea,peanuts,peanuts,peanuts,no idea,peanuts,peanuts,teddy bear,peanuts,shell ,no idea
71,1,0.65,700,700,10,stim/1_stim_obj71.tif,,,outlet,outlet,outlet,outlet,outlet,outlet,outlet,outlet,outlet,outlet,outlet,outlet
37,64,0.65,700,700,10,stim/64_stim_obj37.tif,,,box,box,box,no idea,box,box,box,box,no idea,box,no idea,no idea
43,16,0.65,700,700,10,stim/16_stim_obj43.tif,,,mirror,soother,mirror,no idea,no idea,no idea,tupperwear,mirror,mirror,tupperwear,no idea,mirror
72,64,0.65,700,700,10,stim/64_stim_obj72.tif,,,no idea,no idea,no idea,soother,soother,soother,soother,soother,soother,soother,soother,no idea
42,256,0.65,700,700,10,stim/256_stim_obj42.tif,,,car,car,car,no idea,no idea,car,train,no idea,car,no idea,no idea,car
67,16,0.65,700,700,10,stim/16_stim_obj67.tif,,,lemon,lemon,lemon,lemon,lemon,lemon,lemon,lemon,lemon,lemon,lemon ,lemon
36,1,0.65,700,700,10,stim/1_stim_obj36.tif,,,watermelon,watermelon,watermelon,watermelon,watermelon,watermelon,watermelon,watermelon,watermelon,watermelon,watermelon,watermelon
45,16,0.65,700,700,10,stim/16_stim_obj45.tif,,,box,no idea,box,no idea,box,box,box,box,box,box,box ,box
66,1,0.65,700,700,10,stim/1_stim_obj66.tif,,,tractor,tractor,tractor,tractor,tractor,tractor,tractor,tractor,tractor,tractor,tractor,tractor
24,1,0.65,700,700,10,stim/1_stim_obj24.tif,,,twine,twine,twine,twine,twine,twine,twine,twine,twine,twine,twine,twine
39,4,0.65,700,700,10,stim/4_stim_obj39.tif,,,button,button ,button,button,button,button,button,button,button,button,button ,button
71,64,0.65,700,700,10,stim/64_stim_obj71.tif,,,outlet,outlet,outlet,outlet,outlet,outlet,outlet,outlet,outlet,outlet,outlet,outlet
45,256,0.65,700,700,10,stim/256_stim_obj45.tif,,,no idea,no idea,no idea,no idea,no idea,no idea,box,box,box,box,no idea,no idea
66,256,0.65,700,700,10,stim/256_stim_obj66.tif,,,no idea,no idea,no idea,no idea,no idea,no idea,tractor,tractor,watch,button,no idea,no idea
74,1,0.65,700,700,10,stim/1_stim_obj74.tif,,,bottle,bottle,bottle,bottle,bottle,bottle,bottle,bottle,bottle,bottle,bottle,bottle
47,16,0.65,700,700,10,stim/16_stim_obj47.tif,,,coffee beans,coffee beans,coffee beans,coffee beans,coffee beans,coffee beans,coffee beans,coffee beans,coffee beans,coffee beans,coffee beans,coffee beans
4,64,0.65,700,700,10,stim/64_stim_obj4.tif,,,no idea,no idea,no idea,no idea,no idea,no idea,no idea,printer,no idea,no idea,printer,no idea
73,256,0.65,700,700,10,stim/256_stim_obj73.tif,,,no idea,no idea,peanuts,peanuts,peanuts,no idea,peanuts,peanuts,teddy bear,peanuts,shell ,no idea
71,4,0.65,700,700,10,stim/4_stim_obj71.tif,,,outlet,outlet,outlet,outlet,outlet,outlet,outlet,outlet,outlet,outlet,outlet,outlet
32,4,0.65,700,700,10,stim/4_stim_obj32.tif,,,vhs,vhs,vhs,vhs,vhs,vhs,vhs,vhs,vhs,vhs,vhs,vhs
21,1,0.65,700,700,10,stim/1_stim_obj21.tif,,,table,table ,table,table,table,table,table,table,table,table ,table ,table
8,256,0.65,700,700,10,stim/256_stim_obj8.tif,,,no idea,no idea,no idea,no idea,belt,no idea,belt,no idea,no idea,no idea,no idea,no idea
55,4,0.65,700,700,10,stim/4_stim_obj55.tif,,,feather,feather,feather,feather,feather,feather,feather,feather,feather,feather,feather,feather
25,64,0.65,700,700,10,stim/64_stim_obj25.tif,,,no idea,no idea,kleenex,no idea,no idea,no idea,kleenex,kleenex,kleenex,kleenex,couch ,kleenex
50,4,0.65,700,700,10,stim/4_stim_obj50.tif,,,couch,couch,couch,couch,couch,couch,couch,couch,couch,couch,couch ,couch
19,16,0.65,700,700,10,stim/16_stim_obj19.tif,,,bag,bag,bag,bag,bag,bag,bag,bag,bag,bag,bag,bag
30,16,0.65,700,700,10,stim/16_stim_obj30.tif,,,vhs,vhs,vhs,vhs,vhs,vhs,vhs,vhs,vhs,vhs,vhs,vhs
80,64,0.65,700,700,10,stim/64_stim_obj80.tif,,,no idea,no idea,boombox,no idea,no idea,boombox,no idea,no idea,boombox,no idea,stool ,no idea
69,16,0.65,700,700,10,stim/16_stim_obj69.tif,,,leather desk chair,leather desk chair,leather desk chair,leather desk chair,leather desk chair,leather desk chair,leather desk chair,leather desk chair,leather desk chair,leather desk chair,leather desk chair,leather desk chair
65,16,0.65,700,700,10,stim/16_stim_obj65.tif,,,jeans,jeans,jeans,jeans,jeans,jeans,jeans,jeans,jeans,jeans,jeans,jeans
30,64,0.65,700,700,10,stim/64_stim_obj30.tif,,,vhs,vhs,vhs,vhs,vhs,vhs,vhs,vhs,tape,vhs,vhs,vhs
38,16,0.65,700,700,10,stim/16_stim_obj38.tif,,,no idea,bucket,bucket,no idea,bucket,bucket,bucket,scale,bucket,bucket,bucket,bucket
56,1,0.65,700,700,10,stim/1_stim_obj56.tif,,,flipflop,flipflop,flipflop,flipflop,flipflop,flipflop,flipflop,flipflop,flipflop,flipflop,flipflop,flipflop
73,1,0.65,700,700,10,stim/1_stim_obj73.tif,,,peanuts,peanuts,peanuts,peanuts,peanuts,peanuts,peanuts,peanuts,peanuts,peanuts,peanuts,peanuts
74,256,0.65,700,700,10,stim/256_stim_obj74.tif,,,no idea,no idea,no idea,no idea,no idea,no idea,no idea,no idea,no idea,no idea,no idea,no idea
33,16,0.65,700,700,10,stim/16_stim_obj33.tif,,,volleyball,volleyball,volleyball,volleyball,volleyball,volleyball,volleyball,no idea,volleyball,volleyball,volleyball,volleyball
4,256,0.65,700,700,10,stim/256_stim_obj4.tif,,,no idea,no idea,no idea,no idea,no idea,no idea,bag,no idea,no idea,no idea,no idea,no idea
35,256,0.65,700,700,10,stim/256_stim_obj35.tif,,,no idea,no idea,birds nest,no idea,belt,no idea,belt,no idea,no idea,no idea,no idea,no idea
78,1,0.65,700,700,10,stim/1_stim_obj78.tif,,,printer,printer,printer,printer,printer,printer,printer,printer,printer,printer,printer,printer
4,1,0.65,700,700,10,stim/1_stim_obj4.tif,,,bag,bag,bag,bag,bag,bag,bag,bag,bag,bag,bag,bag
48,256,0.65,700,700,10,stim/256_stim_obj48.tif,,,no idea,no idea,no idea,no idea,no idea,change,shoe,scale,no idea,no idea,no idea,no idea
62,256,0.65,700,700,10,stim/256_stim_obj62.tif,,,no idea,no idea,no idea,no idea,belt,no idea,leather desk chair,no idea,no idea,no idea,no idea,no idea
16,1,0.65,700,700,10,stim/1_stim_obj16.tif,,,kids toy,kids toy,kids toy,kids toy,kids toy,kids toy,kids toy,kids toy,kids toy,kids toy,kids toy,kids toy
21,16,0.65,700,700,10,stim/16_stim_obj21.tif,,,table,table ,table,table,table,table,table ,table,table ,table ,table,table
59,16,0.65,700,700,10,stim/16_stim_obj59.tif,,,presents,presents,no idea,presents,presents,presents,presents,presents,presents,presents,presents,presents
69,64,0.65,700,700,10,stim/64_stim_obj69.tif,,,leather desk chair,leather desk chair,leather desk chair,leather desk chair,leather desk chair,leather desk chair,leather desk chair,leather desk chair,leather desk chair,tupperwear,leather desk chair,leather desk chair
4,16,0.65,700,700,10,stim/16_stim_obj4.tif,,,bag,bag,bag,bag,bag,bag,bag,bag,bag,bag,bag,bag
25,4,0.65,700,700,10,stim/4_stim_obj25.tif,,,kleenex,kleenex,kleenex,kleenex,kleenex,kleenex,kleenex,kleenex,kleenex,kleenex,kleenex,kleenex
11,4,0.65,700,700,10,stim/4_stim_obj11.tif,,,googles,no idea,googles,googles,googles,googles,googles,googles,no idea,tupperwear,googles,googles
64,16,0.65,700,700,10,stim/16_stim_obj64.tif,,,no idea,no idea,jar,no idea,no idea,jar,jar,jar,jar,jar,jar,jar
48,64,0.65,700,700,10,stim/64_stim_obj48.tif,,,change,change,change,change,change,change,change,change,change,change,change,change
76,1,0.65,700,700,10,stim/1_stim_obj76.tif,,,flower pot,flower pot,flower pot,flower pot,flower pot,flower pot,flower pot,flower pot,flower pot,flower pot,flower pot,flower pot
54,256,0.65,700,700,10,stim/256_stim_obj54.tif,,,no idea,no idea,no idea,no idea,no idea,no idea,mirror,no idea,no idea,no idea,no idea,no idea
34,1,0.65,700,700,10,stim/1_stim_obj34.tif,,,washing machine,washing machine,washing machine,washing machine,washing machine,washing machine,washing machine,washing machine,washing machine,washing machine,washing machine,washing machine
62,1,0.65,700,700,10,stim/1_stim_obj62.tif,,,shoe,shoe,shoe,shoe,shoe,shoe,shoe,shoe,shoe,shoe,shoe,shoe
53,4,0.65,700,700,10,stim/4_stim_obj53.tif,,,cables,cables,cables,cables,cables,cables,cables,cables,cables,cables,cables,cables
18,4,0.65,700,700,10,stim/4_stim_obj18.tif,,,teddy bear,teddy bear,teddy bear,teddy bear,teddy bear,teddy bear,teddy bear,teddy bear,teddy bear,teddy bear,teddy bear,teddy bear
3,256,0.65,700,700,10,stim/256_stim_obj3.tif,,,no idea,no idea,no idea,no idea,no idea,no idea,no idea,no idea,no idea,no idea,no idea,no idea
24,256,0.65,700,700,10,stim/256_stim_obj24.tif,,,no idea,no idea,no idea,no idea,no idea,no idea,tupperwear,no idea,no idea,no idea,no idea,no idea
33,256,0.65,700,700,10,stim/256_stim_obj33.tif,,,no idea,no idea,volleyball,no idea,no idea,no idea,no idea,jar,no idea,volleyball,no idea,no idea
29,4,0.65,700,700,10,stim/4_stim_obj29.tif,,,toque,toque,toque,toque,toque,toque,toque,toque,toque,toque,hat,toque
51,4,0.65,700,700,10,stim/4_stim_obj51.tif,,,desk,desk ,desk,desk,desk,desk,desk,desk,desk,desk,table,desk 
80,1,0.65,700,700,10,stim/1_stim_obj80.tif,,,boombox,boombox,boombox,boombox,boombox,boombox,boombox,boombox,boombox,boombox,boombox,boombox
72,16,0.65,700,700,10,stim/16_stim_obj72.tif,,,no idea,soother,soother,soother,soother,soother,soother,soother,soother,soother,soother,no idea
21,64,0.65,700,700,10,stim/64_stim_obj21.tif,,,table,table ,table,table,table,table,table ,table,table ,table ,table ,table
54,16,0.65,700,700,10,stim/16_stim_obj54.tif,,,faucet,no idea,faucet,faucet,no idea,faucet,sunglasses,no idea,faucet,no idea,faucet,faucet
38,64,0.65,700,700,10,stim/64_stim_obj38.tif,,,no idea,no idea,no idea,bucket,no idea,bucket,googles,bucket,bucket,no idea,bucket,bucket
42,1,0.65,700,700,10,stim/1_stim_obj42.tif,,,car,car,car,car,car,car,car,car,car,car,car,car
54,1,0.65,700,700,10,stim/1_stim_obj54.tif,,,faucet,faucet,faucet,faucet,faucet,faucet,faucet,faucet,faucet,faucet,faucet,faucet
36,16,0.65,700,700,10,stim/16_stim_obj36.tif,,,watermelon,watermelon,watermelon,watermelon,watermelon,watermelon,watermelon,watermelon,watermelon,watermelon,watermelon ,watermelon
24,64,0.65,700,700,10,stim/64_stim_obj24.tif,,,twine,twine,shell,tape,no idea,no idea,twine,twine,twine,no idea,twine,twine
74,64,0.65,700,700,10,stim/64_stim_obj74.tif,,,bottle,no idea,bottle,bottle,bottle,bottle,bottle,bottle,bottle,bottle,no idea,bottle
50,64,0.65,700,700,10,stim/64_stim_obj50.tif,,,couch,no idea ,no idea,couch,couch,couch,couch,couch,couch,couch,no idea,couch
10,256,0.65,700,700,10,stim/256_stim_obj10.tif,,,couch,no idea,no idea,no idea,couch,no idea,no idea,peanuts,couch,peanuts,shell ,no idea
61,256,0.65,700,700,10,stim/256_stim_obj61.tif,,,hat,no idea,hat,no idea,hat,no idea,hat,no idea,no idea,hat,hat,birds nest
65,64,0.65,700,700,10,stim/64_stim_obj65.tif,,,jeans,jeans,jeans,jeans,jeans,jeans,jeans,peanuts,jeans,jeans,jeans,jeans
13,1,0.65,700,700,10,stim/1_stim_obj13.tif,,,bench,bench,bench,bench,bench,bench,bench,bench,bench,bench,bench ,bench
19,256,0.65,700,700,10,stim/256_stim_obj19.tif,,,no idea,no idea,boombox,no idea,no idea,no idea,no idea,no idea,no idea,no idea,faucet,no idea
68,64,0.65,700,700,10,stim/64_stim_obj68.tif,,,basketball net,basketball net,basketball net,basketball net,basketball net,basketball net,basketball net,basketball net,basketball net,basketball net,basketball net,basketball net
80,256,0.65,700,700,10,stim/256_stim_obj80.tif,,,no idea,no idea,boombox,no idea,no idea,no idea,bag,no idea,no idea,no idea,no idea,no idea
67,4,0.65,700,700,10,stim/4_stim_obj67.tif,,,lemon,lemon,lemon,lemon,lemon,lemon,lemon,lemon,lemon,lemon,lemon,lemon
12,16,0.65,700,700,10,stim/16_stim_obj12.tif,,,shoe,shoe,shoe,shoe,shoe,shoe,shoe,shoe,shoe,shoe,shoe,shoe
42,64,0.65,700,700,10,stim/64_stim_obj42.tif,,,car,car,car,car,car,car,car,car,car,car,car,car
50,16,0.65,700,700,10,stim/16_stim_obj50.tif,,,couch,no idea,couch,couch,couch,couch,couch,couch,couch,couch,shell ,couch
17,256,0.65,700,700,10,stim/256_stim_obj17.tif,,,basket,basket,basket,basket,belt,basket,basket,basket,basket,basket,basket,basket
20,4,0.65,700,700,10,stim/4_stim_obj20.tif,,,sunglasses,sunglasses,sunglasses,sunglasses,sunglasses,sunglasses,sunglasses,sunglasses,sunglasses,sunglasses,sunglasses,sunglasses
12,256,0.65,700,700,10,stim/256_stim_obj12.tif,,,shoe,shoe,shoe,no idea,no idea,shoe,shoe,shoe,shoe,shoe,shoe,shoe
77,256,0.65,700,700,10,stim/256_stim_obj77.tif,,,no idea,no idea,no idea,no idea,no idea,no idea,no idea,no idea,mailbox,tupperwear,no idea,mailbox
35,4,0.65,700,700,10,stim/4_stim_obj35.tif,,,watch,watch,watch,watch,watch,watch,watch,watch,watch,watch,watch,watch
58,4,0.65,700,700,10,stim/4_stim_obj58.tif,,,stool,stool,stool,stool,stool ,stool,stool,stool,stool,stool,stool ,stool 
32,256,0.65,700,700,10,stim/256_stim_obj32.tif,,,no idea,no idea,no idea,no idea,vhs,no idea,printer,no idea,no idea,vhs,no idea,no idea
65,4,0.65,700,700,10,stim/4_stim_obj65.tif,,,jeans,jeans,jeans,jeans,jeans,jeans,jeans,jeans,jeans,jeans,jeans,jeans
28,4,0.65,700,700,10,stim/4_stim_obj28.tif,,,tupperwear,tupperwear,tupperwear,tupperwear,tupperwear,tupperwear,tupperwear,tupperwear,tupperwear,tupperwear,tupperwear,tupperwear
43,64,0.65,700,700,10,stim/64_stim_obj43.tif,,,no idea,no idea,no idea,no idea,no idea,jar,tupperwear,mirror,mirror,tupperwear,faucet,no idea
10,64,0.65,700,700,10,stim/64_stim_obj10.tif,,,no idea,no idea,no idea,shell,peanuts,no idea,shell,no idea,shell,no idea,shell,shell 
61,4,0.65,700,700,10,stim/4_stim_obj61.tif,,,hat,hat,hat,hat,hat,hat,hat,hat,hat,hat,hat,hat
60,256,0.65,700,700,10,stim/256_stim_obj60.tif,,,no idea,no idea,no idea,no idea,no idea,no idea,tupperwear,no idea,no idea,no idea,no idea,no idea
5,1,0.65,700,700,10,stim/1_stim_obj5.tif,,,barrel,barrel ,barrel,barrel,barrel,barrel,barrel,barrel,barrel,barrel,barrel ,barrel
33,4,0.65,700,700,10,stim/4_stim_obj33.tif,,,volleyball,volleyball,volleyball,volleyball,volleyball,volleyball,volleyball,volleyball,volleyball,volleyball,volleyball,volleyball
22,64,0.65,700,700,10,stim/64_stim_obj22.tif,,,no idea,no idea,no idea,no idea,no idea,no idea,tape,no idea,no idea,no idea,no idea,tape
6,4,0.65,700,700,10,stim/4_stim_obj6.tif,,,battery,no idea,battery,battery,battery,battery,battery,battery,battery,battery,battery,battery
20,16,0.65,700,700,10,stim/16_stim_obj20.tif,,,sunglasses,sunglasses,sunglasses,sunglasses,sunglasses,sunglasses,sunglasses,sunglasses,sunglasses,sunglasses,sunglasses,sunglasses
37,256,0.65,700,700,10,stim/256_stim_obj37.tif,,,no idea,no idea,no idea,no idea,no idea,no idea,box,no idea,box,no idea,no idea,no idea
47,4,0.65,700,700,10,stim/4_stim_obj47.tif,,,coffee beans,coffee beans,coffee beans,coffee beans,coffee beans,coffee beans,coffee beans,coffee beans,coffee beans,coffee beans,coffee beans,coffee beans
33,64,0.65,700,700,10,stim/64_stim_obj33.tif,,,volleyball,volleyball,volleyball,volleyball,volleyball,volleyball,volleyball,scale,volleyball,volleyball,volleyball,volleyball
7,16,0.65,700,700,10,stim/16_stim_obj7.tif,,,birds nest,birds nest,birds nest,birds nest,birds nest,birds nest,birds nest,birds nest,birds nest,birds nest,birds nest,birds nest
3,4,0.65,700,700,10,stim/4_stim_obj3.tif,,,tv router,tv router,tv router,tv router,tv router,tv router,tv router,tv router,tv router,tv router,tv router,tv router
75,256,0.65,700,700,10,stim/256_stim_obj75.tif,,,no idea,no idea,no idea,no idea,no idea,no idea,no idea,no idea,no idea,no idea,no idea,no idea
36,64,0.65,700,700,10,stim/64_stim_obj36.tif,,,watermelon,watermelon,watermelon,watermelon,watermelon,watermelon,watermelon,watermelon,watermelon,watermelon,watermelon,watermelon
34,16,0.65,700,700,10,stim/16_stim_obj34.tif,,,washing machine,washing machine,washing machine,washing machine,washing machine,washing machine,washing machine,washing machine,washing machine,washing machine,washing machine,washing machine
47,256,0.65,700,700,10,stim/256_stim_obj47.tif,,,no idea,no idea,no idea,no idea,coffee beans,no idea,coffee beans,coffee beans,coffee beans,coffee beans,coffee beans,coffee beans
